"CustomerKey","First(WebActivity)"
11000,0
11001,3
11002,3
11003,0
11004,5
11005,0
11006,0
11007,3
11008,4
11009,0
11010,0
11011,4
11012,0
11013,0
11014,0
11015,0
11016,0
11017,0
11018,0
11019,0
11020,0
11021,0
11022,0
11023,0
11024,0
11025,1
11026,0
11027,0
11028,0
11029,0
11030,1
11031,0
11032,0
11033,0
11034,0
11035,1
11036,0
11037,0
11038,1
11039,0
11040,0
11041,0
11042,0
11043,0
11044,1
11045,0
11046,0
11047,0
11048,0
11049,0
11050,0
11051,0
11052,0
11053,0
11054,0
11055,0
11056,0
11057,0
11058,0
11059,0
11060,0
11061,0
11062,0
11063,0
11064,0
11065,0
11066,0
11067,0
11068,0
11069,0
11070,0
11071,0
11072,0
11073,0
11074,0
11075,0
11076,0
11077,0
11078,0
11079,0
11080,0
11081,2
11082,1
11083,1
11084,0
11085,0
11086,1
11087,2
11088,1
11089,1
11090,0
11091,0
11092,2
11093,0
11094,0
11095,0
11096,0
11097,0
11098,0
11099,0
11100,0
11101,0
11102,5
11103,0
11104,0
11105,0
11106,0
11107,0
11108,0
11109,0
11110,0
11111,0
11112,0
11113,4
11114,4
11115,4
11116,4
11117,4
11118,0
11119,0
11120,0
11121,4
11122,4
11123,4
11124,0
11125,0
11126,1
11127,0
11128,0
11129,0
11130,0
11131,0
11132,0
11133,0
11134,0
11135,0
11136,0
11137,0
11138,0
11139,0
11140,0
11141,0
11142,0
11143,0
11144,0
11145,0
11146,0
11147,0
11148,0
11149,0
11150,0
11151,0
11152,0
11153,0
11154,0
11155,0
11156,0
11157,0
11158,0
11159,0
11160,0
11161,0
11162,0
11163,0
11164,0
11165,0
11166,0
11167,0
11168,0
11169,4
11170,4
11171,0
11172,0
11173,0
11174,1
11175,0
11176,4
11177,4
11178,3
11179,4
11180,3
11181,3
11182,0
11183,0
11184,0
11185,0
11186,0
11187,0
11188,0
11189,0
11190,0
11191,0
11192,0
11193,0
11194,0
11195,0
11196,0
11197,1
11198,1
11199,1
11200,1
11201,1
11202,0
11203,1
11204,1
11205,1
11206,1
11207,1
11208,1
11209,1
11210,1
11211,1
11212,1
11213,1
11214,1
11215,1
11216,1
11217,1
11218,1
11219,1
11220,1
11221,2
11222,1
11223,1
11224,1
11225,1
11226,1
11227,1
11228,1
11229,2
11230,2
11231,1
11232,1
11233,2
11234,2
11235,2
11236,2
11237,3
11238,3
11239,4
11240,3
11241,3
11242,4
11243,3
11244,3
11245,4
11246,4
11247,4
11248,4
11249,4
11250,4
11251,0
11252,0
11253,0
11254,0
11255,0
11256,0
11257,2
11258,2
11259,1
11260,2
11261,2
11262,3
11263,5
11264,5
11265,5
11266,0
11267,2
11268,2
11269,2
11270,2
11271,0
11272,3
11273,1
11274,0
11275,0
11276,3
11277,3
11278,0
11279,0
11280,0
11281,2
11282,4
11283,3
11284,3
11285,3
11286,0
11287,4
11288,3
11289,3
11290,3
11291,3
11292,2
11293,0
11294,0
11295,0
11296,0
11297,0
11298,0
11299,0
11300,4
11301,4
11302,3
11303,3
11304,3
11305,3
11306,3
11307,0
11308,0
11309,0
11310,0
11311,0
11312,0
11313,0
11314,0
11315,0
11316,0
11317,0
11318,0
11319,0
11320,0
11321,0
11322,0
11323,4
11324,0
11325,0
11326,3
11327,0
11328,0
11329,0
11330,4
11331,4
11332,0
11333,0
11334,0
11335,0
11336,0
11337,0
11338,0
11339,0
11340,0
11341,0
11342,0
11343,0
11344,0
11345,0
11346,0
11347,0
11348,0
11349,0
11350,0
11351,0
11352,0
11353,0
11354,0
11355,0
11356,0
11357,0
11358,0
11359,0
11360,0
11361,0
11362,0
11363,0
11364,1
11365,1
11366,0
11367,0
11368,1
11369,0
11370,0
11371,0
11372,0
11373,0
11374,0
11375,0
11376,0
11377,0
11378,1
11379,1
11380,0
11381,0
11382,0
11383,0
11384,0
11385,0
11386,0
11387,0
11388,0
11389,1
11390,1
11391,2
11392,2
11393,2
11394,2
11395,0
11396,2
11397,0
11398,0
11399,0
11400,0
11401,0
11402,0
11403,0
11404,0
11405,0
11406,0
11407,0
11408,1
11409,2
11410,1
11411,2
11412,2
11413,2
11414,2
11415,0
11416,1
11417,1
11418,0
11419,4
11420,3
11421,4
11422,4
11423,2
11424,2
11425,2
11426,4
11427,5
11428,5
11429,1
11430,1
11431,5
11432,2
11433,2
11434,5
11435,4
11436,5
11437,1
11438,5
11439,1
11440,0
11441,0
11442,0
11443,0
11444,0
11445,0
11446,0
11447,0
11448,0
11449,0
11450,5
11451,0
11452,0
11453,0
11454,0
11455,5
11456,5
11457,0
11458,5
11459,0
11460,0
11461,0
11462,5
11463,5
11464,0
11465,0
11466,5
11467,5
11468,1
11469,0
11470,0
11471,0
11472,2
11473,0
11474,0
11475,0
11476,1
11477,0
11478,0
11479,1
11480,1
11481,1
11482,0
11483,1
11484,2
11485,2
11486,0
11487,0
11488,0
11489,0
11490,0
11491,0
11492,0
11493,2
11494,2
11495,2
11496,2
11497,2
11498,3
11499,3
11500,0
11501,3
11502,4
11503,0
11504,0
11505,0
11506,0
11507,0
11508,0
11509,0
11510,0
11511,0
11512,0
11513,0
11514,0
11515,0
11516,0
11517,0
11518,0
11519,0
11520,0
11521,0
11522,0
11523,0
11524,0
11525,0
11526,0
11527,0
11528,0
11529,0
11530,0
11531,0
11532,0
11533,0
11534,0
11535,0
11536,0
11537,0
11538,0
11539,0
11540,0
11541,0
11542,1
11543,1
11544,0
11545,0
11546,1
11547,0
11548,0
11549,0
11550,0
11551,3
11552,1
11553,1
11554,0
11555,0
11556,1
11557,1
11558,1
11559,1
11560,1
11561,5
11562,1
11563,1
11564,1
11565,2
11566,0
11567,0
11568,2
11569,1
11570,1
11571,1
11572,1
11573,2
11574,2
11575,2
11576,1
11577,1
11578,2
11579,3
11580,0
11581,0
11582,2
11583,2
11584,0
11585,0
11586,0
11587,2
11588,2
11589,0
11590,2
11591,3
11592,0
11593,0
11594,4
11595,5
11596,0
11597,3
11598,3
11599,0
11600,0
11601,0
11602,0
11603,0
11604,0
11605,0
11606,0
11607,0
11608,0
11609,0
11610,0
11611,0
11612,0
11613,0
11614,0
11615,1
11616,1
11617,0
11618,0
11619,0
11620,0
11621,0
11622,0
11623,0
11624,0
11625,0
11626,0
11627,0
11628,0
11629,4
11630,0
11631,1
11632,1
11633,1
11634,0
11635,0
11636,0
11637,0
11638,0
11639,0
11640,1
11641,1
11642,1
11643,1
11644,2
11645,2
11646,2
11647,2
11648,0
11649,0
11650,0
11651,0
11652,0
11653,0
11654,0
11655,0
11656,0
11657,0
11658,0
11659,0
11660,0
11661,0
11662,0
11663,0
11664,0
11665,0
11666,0
11667,2
11668,2
11669,2
11670,2
11671,3
11672,3
11673,3
11674,0
11675,0
11676,0
11677,0
11678,0
11679,5
11680,5
11681,5
11682,5
11683,0
11684,0
11685,0
11686,0
11687,0
11688,3
11689,3
11690,0
11691,0
11692,0
11693,4
11694,4
11695,5
11696,5
11697,2
11698,2
11699,2
11700,2
11701,2
11702,2
11703,0
11704,0
11705,2
11706,2
11707,2
11708,2
11709,2
11710,2
11711,0
11712,0
11713,0
11714,0
11715,0
11716,2
11717,0
11718,0
11719,2
11720,2
11721,2
11722,0
11723,0
11724,0
11725,0
11726,0
11727,0
11728,0
11729,0
11730,0
11731,0
11732,0
11733,0
11734,0
11735,0
11736,0
11737,3
11738,3
11739,0
11740,5
11741,0
11742,2
11743,0
11744,0
11745,0
11746,0
11747,4
11748,4
11749,4
11750,2
11751,4
11752,4
11753,4
11754,0
11755,2
11756,2
11757,5
11758,5
11759,0
11760,5
11761,5
11762,5
11763,5
11764,5
11765,5
11766,0
11767,0
11768,0
11769,0
11770,0
11771,0
11772,0
11773,0
11774,0
11775,0
11776,0
11777,0
11778,0
11779,0
11780,0
11781,1
11782,1
11783,1
11784,1
11785,1
11786,0
11787,0
11788,0
11789,1
11790,1
11791,0
11792,1
11793,1
11794,2
11795,2
11796,2
11797,2
11798,2
11799,2
11800,0
11801,0
11802,0
11803,0
11804,0
11805,0
11806,0
11807,0
11808,0
11809,2
11810,0
11811,0
11812,0
11813,0
11814,0
11815,0
11816,0
11817,0
11818,0
11819,2
11820,0
11821,0
11822,0
11823,0
11824,0
11825,0
11826,0
11827,0
11828,5
11829,5
11830,0
11831,0
11832,0
11833,3
11834,3
11835,3
11836,3
11837,3
11838,3
11839,0
11840,0
11841,0
11842,4
11843,4
11844,4
11845,0
11846,2
11847,2
11848,2
11849,2
11850,2
11851,2
11852,2
11853,0
11854,2
11855,2
11856,2
11857,2
11858,2
11859,0
11860,0
11861,0
11862,2
11863,0
11864,0
11865,0
11866,0
11867,2
11868,0
11869,0
11870,0
11871,0
11872,0
11873,0
11874,0
11875,0
11876,0
11877,0
11878,0
11879,0
11880,0
11881,3
11882,3
11883,5
11884,0
11885,0
11886,2
11887,0
11888,0
11889,0
11890,4
11891,4
11892,0
11893,0
11894,0
11895,0
11896,0
11897,2
11898,4
11899,4
11900,0
11901,2
11902,5
11903,0
11904,0
11905,0
11906,5
11907,5
11908,5
11909,5
11910,5
11911,5
11912,3
11913,3
11914,0
11915,0
11916,0
11917,0
11918,3
11919,4
11920,4
11921,4
11922,4
11923,0
11924,0
11925,0
11926,0
11927,0
11928,0
11929,0
11930,0
11931,0
11932,0
11933,0
11934,0
11935,0
11936,0
11937,0
11938,0
11939,0
11940,0
11941,0
11942,1
11943,1
11944,0
11945,0
11946,0
11947,0
11948,0
11949,0
11950,0
11951,0
11952,0
11953,0
11954,0
11955,0
11956,0
11957,0
11958,0
11959,0
11960,0
11961,0
11962,0
11963,0
11964,0
11965,0
11966,0
11967,0
11968,1
11969,1
11970,0
11971,0
11972,0
11973,0
11974,0
11975,0
11976,2
11977,1
11978,1
11979,0
11980,0
11981,0
11982,0
11983,2
11984,1
11985,1
11986,0
11987,4
11988,0
11989,0
11990,0
11991,0
11992,0
11993,0
11994,0
11995,0
11996,0
11997,0
11998,0
11999,0
12000,0
12001,5
12002,0
12003,0
12004,0
12005,0
12006,4
12007,0
12008,4
12009,0
12010,0
12011,0
12012,2
12013,0
12014,1
12015,0
12016,0
12017,0
12018,0
12019,0
12020,0
12021,0
12022,0
12023,0
12024,0
12025,0
12026,0
12027,0
12028,0
12029,0
12030,0
12031,0
12032,0
12033,0
12034,0
12035,0
12036,0
12037,0
12038,0
12039,0
12040,0
12041,0
12042,0
12043,0
12044,0
12045,0
12046,0
12047,0
12048,0
12049,0
12050,1
12051,0
12052,1
12053,0
12054,4
12055,4
12056,4
12057,4
12058,3
12059,3
12060,3
12061,3
12062,0
12063,0
12064,0
12065,0
12066,0
12067,0
12068,0
12069,0
12070,0
12071,0
12072,0
12073,0
12074,0
12075,0
12076,0
12077,0
12078,0
12079,0
12080,0
12081,0
12082,0
12083,1
12084,0
12085,1
12086,1
12087,1
12088,1
12089,1
12090,1
12091,1
12092,1
12093,1
12094,1
12095,1
12096,1
12097,1
12098,1
12099,1
12100,1
12101,1
12102,1
12103,1
12104,1
12105,1
12106,1
12107,1
12108,1
12109,1
12110,1
12111,1
12112,2
12113,1
12114,1
12115,1
12116,1
12117,1
12118,1
12119,1
12120,1
12121,1
12122,2
12123,3
12124,4
12125,4
12126,4
12127,3
12128,4
12129,4
12130,4
12131,1
12132,4
12133,4
12134,3
12135,1
12136,0
12137,0
12138,0
12139,0
12140,4
12141,4
12142,1
12143,1
12144,1
12145,1
12146,2
12147,3
12148,2
12149,2
12150,2
12151,2
12152,2
12153,2
12154,2
12155,2
12156,0
12157,3
12158,3
12159,3
12160,0
12161,2
12162,3
12163,1
12164,1
12165,4
12166,4
12167,2
12168,4
12169,3
12170,3
12171,3
12172,3
12173,3
12174,0
12175,0
12176,0
12177,3
12178,0
12179,0
12180,0
12181,3
12182,4
12183,4
12184,2
12185,3
12186,3
12187,3
12188,3
12189,3
12190,1
12191,0
12192,0
12193,1
12194,0
12195,0
12196,0
12197,0
12198,0
12199,0
12200,0
12201,3
12202,3
12203,4
12204,4
12205,3
12206,0
12207,0
12208,3
12209,3
12210,0
12211,0
12212,0
12213,0
12214,0
12215,0
12216,0
12217,0
12218,0
12219,0
12220,0
12221,0
12222,0
12223,0
12224,0
12225,0
12226,0
12227,0
12228,0
12229,0
12230,0
12231,0
12232,0
12233,0
12234,0
12235,0
12236,0
12237,0
12238,0
12239,0
12240,0
12241,0
12242,0
12243,0
12244,0
12245,0
12246,1
12247,0
12248,1
12249,0
12250,1
12251,0
12252,0
12253,0
12254,0
12255,1
12256,1
12257,0
12258,0
12259,0
12260,0
12261,1
12262,1
12263,1
12264,1
12265,1
12266,0
12267,0
12268,0
12269,0
12270,0
12271,0
12272,0
12273,0
12274,2
12275,0
12276,0
12277,2
12278,2
12279,0
12280,0
12281,0
12282,0
12283,0
12284,0
12285,0
12286,0
12287,0
12288,2
12289,2
12290,2
12291,0
12292,4
12293,4
12294,4
12295,1
12296,1
12297,0
12298,0
12299,4
12300,0
12301,3
12302,3
12303,4
12304,4
12305,2
14476,0
14477,3
14478,0
14479,0
14480,4
14481,3
14482,3
14483,3
14484,3
14485,3
14486,1
14487,0
14488,1
14489,0
14490,0
14491,0
14492,0
14493,0
14494,0
14495,0
14496,0
14497,0
14498,0
14499,3
14500,3
14501,0
14502,0
14503,0
14504,4
14505,3
14506,0
14507,3
14508,3
14509,4
14510,0
14511,0
14512,0
14513,0
14514,0
14515,0
14516,0
14517,0
14518,1
14519,0
14520,0
14521,0
14522,0
14523,0
14524,0
14525,0
14526,0
14527,0
14528,0
14529,0
14530,0
14531,0
14532,0
14533,0
14534,0
14535,0
14536,0
14537,0
14538,0
14539,0
14540,0
14541,0
14542,0
14543,0
14544,0
14545,0
14546,0
14547,0
14548,0
14549,0
14550,0
14551,0
14552,0
14553,0
14554,0
14555,0
14556,0
14557,0
14558,1
14559,1
14560,1
14561,1
14562,1
14563,1
14564,1
14565,2
14566,0
14567,0
14568,0
14569,0
14570,0
14571,0
14572,0
14573,0
14574,0
14575,0
14576,2
14577,2
14578,2
14579,2
14580,0
14581,0
14582,0
14583,0
14584,0
14585,0
14586,2
14587,2
14588,2
14589,3
14590,3
14591,0
14592,0
14593,0
14594,0
14595,0
14596,0
14597,0
14598,0
14599,0
14600,5
14601,0
14602,0
14603,3
14604,3
14605,4
14606,4
14607,4
14608,4
14609,5
14610,5
14611,2
14612,2
14613,2
14614,0
14615,0
14616,0
14617,0
14618,2
14619,2
14620,2
14621,0
14622,0
14623,0
14624,0
14625,0
14626,3
14627,0
14628,0
14629,0
14630,0
14631,0
14632,0
14633,0
14634,0
14635,2
14636,2
14637,2
14638,0
14639,0
14640,0
14641,0
14642,0
14643,0
14644,0
14645,0
14646,0
14647,0
14648,0
14649,0
14650,0
14651,0
14652,0
14653,0
14654,3
14655,5
14656,0
14657,0
14658,0
14659,0
14660,0
14661,0
14662,0
14663,4
14664,4
14665,4
14666,0
14667,4
14668,4
14669,4
14670,2
14671,2
14672,0
14673,0
14674,5
14675,5
14676,5
14677,5
14678,5
14679,5
14680,5
14681,0
14682,0
14683,3
14684,3
14685,2
14686,2
14687,0
14688,0
14689,0
14690,0
14691,0
14692,0
14693,0
14694,0
14695,0
14696,0
14697,0
14698,1
14699,1
14700,1
14701,0
14702,0
14703,0
14704,0
14705,2
14706,2
14707,0
14708,0
14709,0
14710,0
14711,0
14712,0
14713,2
14714,2
14715,2
14716,2
14717,2
14718,2
14719,2
14720,3
14721,3
14722,3
14723,4
14724,0
14725,0
14726,0
14727,0
14728,0
14729,0
14730,0
14731,0
14732,0
14733,0
14734,0
14735,0
14736,0
14737,0
14738,0
14739,0
14740,0
14741,0
14742,0
14743,0
14744,0
14745,0
14746,0
14747,0
14748,0
14749,0
14750,0
14751,0
14752,0
14753,0
14754,0
14755,0
14756,0
14757,0
14758,0
14759,0
14760,0
14761,0
14762,0
14763,0
14764,0
14765,0
14766,1
14767,1
14768,0
14769,0
14770,0
14771,0
14772,0
14773,0
14774,0
14775,0
14776,0
14777,0
14778,3
14779,3
14780,4
14781,1
14782,1
14783,1
14784,1
14785,1
14786,1
14787,1
14788,1
14789,2
14790,0
14791,0
14792,0
14793,0
14794,0
14795,1
14796,3
14797,3
14798,3
14799,2
14800,1
14801,2
14802,2
14803,3
14804,2
14805,2
14806,2
14807,2
14808,2
14809,3
14810,0
14811,0
14812,0
14813,4
14814,2
14815,0
14816,0
14817,0
14818,2
14819,2
14820,0
14821,0
14822,3
14823,3
14824,3
14825,0
14826,4
14827,3
14828,3
14829,3
14830,0
14831,0
14832,0
14833,0
14834,4
14835,4
14836,4
14837,0
14838,0
14839,0
14840,0
14841,0
14842,0
14843,0
14844,0
14845,0
14846,0
14847,0
14848,0
14849,0
14850,0
14851,0
14852,0
14853,1
14854,1
14855,0
14856,0
14857,1
14858,0
14859,0
14860,0
14861,2
14862,2
14863,2
14864,2
14865,2
14866,2
14867,3
14868,3
14869,3
14870,3
14871,3
14872,0
14873,0
14874,3
14875,3
14876,0
14877,0
14878,0
14879,0
14880,0
14881,0
14882,0
14883,0
14884,0
14885,0
14886,0
14887,0
14888,0
14889,0
14890,0
14891,0
14892,0
14893,0
14894,0
14895,0
14896,0
14897,0
14898,0
14899,0
14900,0
14901,0
14902,0
14903,0
14904,0
14905,0
14906,0
14907,0
14908,0
14909,0
14910,0
14911,0
14912,0
14913,0
14914,0
14915,0
14916,0
14917,0
14918,0
14919,0
14920,0
14921,0
14922,0
14923,1
14924,1
14925,0
14926,0
14927,0
14928,0
14929,1
14930,1
14931,0
14932,1
14933,1
14934,1
14935,1
14936,1
14937,4
14938,1
14939,0
14940,0
14941,2
14942,1
14943,1
14944,3
14945,3
14946,2
14947,2
14948,1
14949,1
14950,2
14951,1
14952,1
14953,2
14954,2
14955,3
14956,4
14957,4
14958,0
14959,2
14960,2
14961,0
14962,0
14963,0
14964,0
14965,2
14966,2
14967,2
14968,0
14969,3
14970,0
14971,4
14972,3
14973,3
14974,3
14975,0
14976,0
14977,3
14978,4
14979,4
14980,4
14981,4
14982,4
14983,4
14984,5
14985,0
14986,0
14987,0
14988,0
14989,0
14990,0
14991,0
14992,0
14993,0
14994,0
14995,0
14996,0
14997,0
14998,0
14999,0
15000,0
15001,0
15002,0
15003,0
15004,0
15005,0
15006,0
15007,0
15008,0
15009,0
15010,0
15011,0
15012,0
15013,0
15014,0
15015,0
15016,0
15017,0
15018,0
15019,0
15020,0
15021,0
15022,0
15023,0
15024,0
15025,0
15026,0
15027,0
15028,0
15029,0
15030,0
15031,0
15032,1
15033,1
15034,1
15035,1
15036,0
15037,0
15038,0
15039,1
15040,1
15041,1
15042,0
15043,0
15044,0
15045,0
15046,0
15047,0
15048,0
15049,1
15050,1
15051,1
15052,1
15053,1
15054,0
15055,0
15056,0
15057,0
15058,0
15059,0
15060,0
15061,0
15062,0
15063,0
15064,0
15065,1
15066,1
15067,2
15068,0
15069,0
15070,2
15071,0
15072,0
15073,0
15074,0
15075,0
15076,0
15077,0
15078,0
15079,0
15080,0
15081,0
15082,0
15083,0
15084,0
15085,0
15086,0
15087,0
15088,0
15089,0
15090,1
15091,1
15092,2
15093,1
15094,1
15095,1
15096,0
15097,4
15098,0
15099,0
15100,4
15101,5
15102,4
15103,2
15104,2
15105,4
15106,4
15107,2
15108,5
15109,1
15110,4
15111,1
15112,1
15113,2
15114,5
15115,1
15116,4
15117,4
15118,5
15119,5
15120,0
15121,0
15122,0
15123,0
15124,0
15125,0
15126,0
15127,0
15128,0
15129,0
15130,0
15131,0
15132,5
15133,5
15134,0
15135,0
15136,5
15137,5
15138,5
15139,0
15140,0
15141,0
15142,5
15143,0
15144,0
15145,0
15146,5
15147,5
15148,0
15149,0
15150,5
15151,5
15152,5
15153,5
15154,5
15155,0
15156,0
15157,3
15158,3
15159,3
15160,0
15161,0
15162,3
15163,3
15164,3
15165,3
15166,3
15167,3
15168,0
15169,0
15170,0
15171,0
15172,0
15173,0
15174,0
15175,0
15176,0
15177,0
15178,0
15179,0
15180,0
15181,0
15182,0
15183,0
15184,1
15185,1
15186,1
15187,0
15188,0
15189,0
15190,0
15191,0
15192,1
15193,2
15194,2
15195,2
15196,2
15197,0
15198,0
15199,2
15200,2
15201,0
15202,0
15203,0
15204,4
15205,4
15206,4
15207,0
15208,0
15209,0
15210,0
15211,0
15212,0
15213,0
15214,0
15215,0
15216,0
15217,0
15218,0
15219,0
15220,0
15221,0
15222,0
15223,0
15224,0
15225,0
15226,0
15227,0
15228,0
15229,0
15230,4
15231,4
15232,0
15233,4
15234,0
15235,2
15236,4
15237,4
15238,0
15239,0
15240,0
15241,0
15242,0
15243,0
15244,0
15245,0
15246,0
15247,0
15248,0
15249,0
15250,0
15251,0
15252,0
15253,0
15254,0
15255,0
15256,0
15257,0
15258,0
15259,0
15260,0
15261,0
15262,0
15263,0
15264,0
15265,0
15266,0
15267,0
15268,0
15269,0
15270,0
15271,0
15272,0
15273,0
15274,0
15275,0
15276,0
15277,0
15278,0
15279,0
15280,0
15281,1
15282,3
15283,0
15284,0
15285,0
15286,0
15287,0
15288,0
15289,0
15290,0
15291,0
15292,0
15293,0
15294,1
15295,1
15296,1
15297,1
15298,1
15299,1
15300,0
15301,0
15302,0
15303,0
15304,0
15305,0
15306,0
15307,0
15308,0
15309,0
15310,0
15311,0
15312,0
15313,0
15314,0
15315,1
15316,0
15317,0
15318,1
15319,1
15320,1
15321,0
15322,0
15323,1
15324,1
15325,1
15326,1
15327,1
15328,1
15329,1
15330,1
15331,1
15332,1
15333,1
15334,1
15335,1
15336,1
15337,1
15338,1
15339,1
15340,1
15341,1
15342,1
15343,1
15344,2
15345,2
15346,2
15347,1
15348,2
15349,2
15350,2
15351,2
15352,3
15353,3
15354,3
15355,3
15356,4
15357,4
15358,0
15359,0
15360,2
15361,0
15362,4
15363,4
15364,5
15365,2
15366,1
15367,0
15368,2
15369,2
15370,3
15371,0
15372,0
15373,0
15374,0
15375,0
15376,3
15377,3
15378,3
15379,2
15380,2
15381,2
15382,3
15383,2
15384,4
15385,3
15386,3
15387,3
15388,3
15389,3
15390,0
15391,1
15392,0
15393,0
15394,0
15395,4
15396,2
15397,3
15398,2
15399,0
15400,0
15401,0
15402,0
15403,0
15404,1
15405,0
15406,0
15407,0
15408,0
15409,0
15410,0
15411,0
15412,3
15413,3
15414,4
15415,4
15416,3
15417,0
15418,4
15419,0
15420,0
15421,0
15422,0
15423,0
15424,0
15425,0
15426,0
15427,0
15428,0
15429,0
15430,0
15431,0
15432,0
15433,0
15434,0
15435,0
15436,0
15437,0
15438,0
15439,1
15440,0
15441,0
15442,0
15443,0
15444,0
15445,0
15446,0
15447,0
15448,0
15449,0
15450,0
15451,0
15452,0
15453,0
15454,0
15455,0
15456,0
15457,0
15458,0
15459,0
15460,0
15461,0
15462,0
15463,0
15464,0
15465,0
15466,1
15467,1
15468,1
15469,0
15470,0
15471,2
15472,2
15473,2
15474,2
15475,2
15476,0
15477,0
15478,0
15479,0
15480,0
15481,0
15482,0
15483,0
15484,0
15485,0
15486,0
15487,0
15488,0
15489,2
15490,2
15491,2
15492,2
15493,2
15494,2
15495,5
15496,5
15497,0
15498,0
15499,0
15500,0
15501,0
15502,0
15503,2
15504,2
15505,2
15506,0
15507,0
15508,0
15509,0
15510,0
15511,0
15512,0
15513,5
15514,5
15515,5
15516,5
15517,0
15518,0
15519,0
15520,0
15521,3
15522,0
15523,0
15524,4
15525,4
15526,2
15527,2
15528,2
15529,2
15530,2
15531,2
15532,2
15533,0
15534,2
15535,2
15536,2
15537,2
15538,2
15539,0
15540,0
15541,0
15542,0
15543,0
15544,0
15545,3
15546,3
15547,0
15548,2
15549,0
15550,0
15551,0
15552,0
15553,0
15554,0
15555,0
15556,0
15557,0
15558,0
15559,4
15560,4
15561,3
15562,3
15563,3
15564,3
15565,0
15566,0
15567,0
15568,0
15569,0
15570,2
15571,0
15572,0
15573,4
15574,4
15575,2
15576,4
15577,4
15578,4
15579,2
15580,2
15581,2
15582,2
15583,5
15584,5
15585,5
15586,0
15587,0
15588,0
15589,0
15590,0
15591,0
15592,5
15593,5
15594,5
15595,0
15596,0
15597,0
15598,3
15599,3
15600,5
15601,5
15602,0
15603,3
15604,4
15605,4
15606,4
15607,0
15608,0
15609,0
15610,0
15611,0
15612,0
15613,0
15614,1
15615,0
15616,0
15617,0
15618,1
15619,1
15620,0
15621,0
15622,0
15623,1
15624,1
15625,1
15626,1
15627,2
15628,0
15629,0
15630,0
15631,0
15632,0
15633,0
15634,0
15635,0
15636,2
15637,2
15638,0
15639,0
15640,0
15641,0
15642,0
15643,0
15644,1
15645,0
15646,1
15647,0
15648,0
15649,0
15650,1
15651,1
15652,0
15653,0
15654,1
15655,1
15656,1
15657,0
15658,1
15659,0
15660,0
15661,0
15662,0
15663,0
15664,0
15665,0
15666,2
15667,0
15668,0
15669,0
15670,0
15671,0
15672,0
15673,0
15674,0
15675,0
15676,0
15677,0
15678,0
15679,0
15680,0
15681,2
15682,0
15683,0
15684,0
15685,4
15686,4
15687,1
15688,1
15689,0
15690,4
15691,1
15692,1
15693,1
15694,2
15695,5
15696,4
15697,5
15698,5
15699,5
15700,1
15701,5
15702,5
15703,2
15704,1
15705,4
15706,1
15707,5
15708,5
15709,1
15710,1
15711,5
15712,5
15713,5
15714,0
15715,0
15716,0
15717,0
15718,0
15719,0
15720,0
15721,0
15722,0
15723,0
15724,0
15725,0
15726,0
15727,0
15728,5
15729,0
15730,0
15731,0
15732,5
15733,5
15734,5
15735,5
15736,4
15737,4
15738,4
15739,0
15740,0
15741,0
15742,0
15743,4
15744,4
15745,4
15746,4
15747,0
15748,0
15749,0
15750,0
15751,0
15752,0
15753,0
15754,0
15755,0
15756,0
15757,0
15758,1
15759,0
15760,0
15761,0
15762,0
15763,0
15764,2
15765,1
15766,0
15767,0
15768,1
15769,1
15770,0
15771,1
15772,0
15773,0
15774,0
15775,0
15776,0
15777,0
15778,1
15779,1
15780,2
15781,1
15782,0
15783,3
15784,4
15785,0
15786,0
15787,0
15788,0
15789,0
15790,0
15791,0
15792,0
15793,0
15794,5
15795,5
15796,5
15797,5
15798,0
15799,0
15800,0
15801,0
15802,0
15803,4
15804,4
15805,4
15806,4
15807,4
15808,4
15809,4
15810,4
15811,4
15812,0
15813,0
15814,0
15815,0
15816,0
15817,0
15818,0
15819,0
15820,0
15821,0
15822,0
15823,0
15824,0
15825,0
15826,0
15827,0
15828,0
15829,0
15830,0
15831,0
15832,0
15833,0
15834,0
15835,0
15836,0
15837,0
15838,0
15839,0
15840,0
15841,0
15842,0
15843,0
15844,0
15845,0
15846,0
15847,4
15848,4
15849,1
15850,1
15851,1
15852,0
15853,1
15854,1
15855,3
15856,4
15857,0
15858,0
15859,0
15860,4
15861,4
15862,0
15863,0
15864,0
15865,4
15866,0
15867,0
15868,0
15869,0
15870,0
15871,1
15872,1
15873,0
15874,0
15875,0
15876,0
15877,0
15878,0
15879,0
15880,0
15881,0
15882,0
15883,0
15884,0
15885,0
15886,0
15887,0
15888,0
15889,1
15890,1
15891,1
15892,1
15893,1
15894,1
15895,1
15896,1
15897,1
15898,1
15899,1
15900,1
15901,1
15902,1
15903,1
15904,1
20192,0
20193,0
20194,0
20195,0
20196,0
20197,0
20198,3
20199,0
20200,0
20201,5
20202,5
20203,0
20204,0
20205,2
20206,0
20207,0
20208,0
20209,0
20210,0
20211,2
20212,4
20213,4
20214,2
20215,2
20216,2
20217,5
20218,5
20219,0
20220,0
20221,0
20222,5
20223,5
20224,5
20225,0
20226,0
20227,0
20228,0
20229,2
20230,3
20231,0
20232,3
20233,3
20234,4
20235,4
20236,2
20237,0
20238,0
20239,0
20240,0
20241,0
20242,0
20243,0
20244,0
20245,0
20246,0
20247,0
20248,0
20249,0
20250,0
20251,0
20252,0
20253,0
20254,5
20255,5
20256,0
20257,0
20258,0
20259,0
20260,0
20261,0
20262,4
20263,4
20264,0
20265,0
20266,4
20267,4
20268,4
20269,1
20270,0
20271,0
20272,0
20273,0
20274,0
20275,0
20276,0
20277,0
20278,0
20279,0
20280,0
20281,0
20282,0
20283,0
20284,0
20285,0
20286,0
20287,0
20288,0
20289,0
20290,0
20291,0
20292,0
20293,0
20294,0
20295,0
20296,0
20297,0
20298,0
20299,4
20300,4
20301,4
20302,0
20303,0
20304,0
20305,0
20306,0
20307,0
20308,0
20309,0
20310,0
20311,0
20312,0
20313,0
20314,1
20315,0
20316,0
20317,0
20318,1
20319,1
20320,1
20321,1
20322,0
20323,0
20324,2
20325,2
20326,2
20327,2
20328,0
20329,1
20330,4
20331,4
20332,4
20333,2
20334,3
20335,3
20336,3
20337,3
20338,2
20339,2
20340,2
20341,4
20342,4
20343,3
20344,3
20345,3
20346,3
20347,2
20348,3
20349,0
20350,0
20351,3
20352,3
20353,0
20354,0
20355,0
20356,0
20357,0
20358,0
20359,0
20360,3
20361,0
20362,0
20363,0
20364,3
20365,3
20366,3
20367,4
20368,0
20369,0
20370,0
20371,0
20372,0
20373,0
20374,0
20375,0
20376,0
20377,0
20378,0
20379,0
20380,0
20381,0
20382,0
20383,0
20384,0
20385,0
20386,0
20387,0
20388,0
20389,0
20390,0
20391,0
20392,0
20393,0
20394,0
20395,0
20396,0
20397,0
20398,0
20399,0
20400,0
20401,0
20402,0
20403,0
20404,1
20405,0
20406,1
20407,1
20408,0
20409,0
20410,0
20411,0
20412,0
20413,0
20414,0
20415,1
20416,0
20417,0
20418,0
20419,1
20420,0
20421,0
20422,0
20423,0
20424,0
20425,0
20426,0
20427,0
20428,0
20429,0
20430,0
20431,0
20432,0
20433,0
20434,0
20435,0
20436,0
20437,0
20438,0
20439,0
20440,0
20441,0
20442,0
20443,0
20444,0
20445,0
20446,0
20447,0
20448,0
20449,0
20450,0
20451,0
20452,0
20453,1
20454,1
20455,1
20456,0
20457,0
20458,0
20459,0
20460,2
20461,0
20462,0
20463,0
20464,1
20465,1
20466,0
20467,0
20468,0
20469,0
20470,0
20471,0
20472,4
20473,5
20474,1
20475,2
20476,2
20477,2
20478,3
20479,3
20480,2
20481,2
20482,0
20483,0
20484,0
20485,0
20486,0
20487,0
20488,0
20489,0
20490,0
20491,0
20492,0
20493,0
20494,0
20495,0
20496,0
20497,0
20498,0
20499,0
20500,0
20501,0
20502,0
20503,0
20504,0
20505,0
20506,0
20507,0
20508,0
20509,0
20510,0
20511,0
20512,1
20513,1
20514,1
20515,1
20516,1
20517,1
20518,1
20519,1
20520,1
20521,1
20522,1
20523,1
20524,1
20525,1
20526,1
20527,1
20528,1
20529,1
20530,1
20531,1
20532,1
20533,1
20534,1
20535,2
20536,1
20537,1
20538,1
20539,1
20540,1
20541,1
20542,1
20543,2
20544,1
20545,1
20546,1
20547,3
20548,4
20549,4
20550,3
20551,3
20552,4
20553,3
20554,4
20555,4
20556,4
20557,4
20558,3
20559,4
20560,4
20561,4
20562,4
20563,4
20564,4
20565,4
20566,4
20567,4
20568,0
20569,4
20570,4
20571,4
20572,2
20573,2
20574,4
20575,5
20576,5
20577,5
20578,4
20579,4
20580,1
20581,1
20582,1
20583,1
20584,5
20585,5
20586,1
20587,4
20588,5
20589,1
20590,4
20591,5
20592,5
20593,1
20594,1
20595,1
20596,5
20597,0
20598,5
20599,5
20600,0
20601,0
20602,0
20603,0
20604,0
20605,0
20606,0
20607,0
20608,5
20609,5
20610,5
20611,5
20612,5
20613,5
20614,5
20615,5
20616,5
20617,5
20618,0
20619,0
20620,0
20621,5
20622,5
20623,5
20624,5
20625,5
20626,5
20627,5
20628,5
20629,5
20630,5
20631,5
20632,3
20633,5
20634,2
20635,2
20636,2
20637,2
20638,0
20639,2
20640,1
20641,1
20642,1
20643,0
20644,2
20645,0
20646,0
20647,0
20648,0
20649,0
20650,1
20651,1
20652,1
20653,1
20654,1
20655,1
20656,0
20657,2
20658,0
20659,0
20660,0
20661,0
20662,2
20663,2
20664,2
20665,2
20666,2
20667,2
20668,2
20669,0
20670,0
20671,0
20672,0
20673,0
20674,2
20675,2
20676,3
20677,3
20678,3
20679,0
20680,0
20681,5
20682,0
20683,0
20684,0
20685,0
20686,0
20687,0
20688,3
20689,3
20690,3
20691,0
20692,0
20693,0
20694,4
20695,4
20696,4
20697,4
20698,4
20699,2
20700,2
20701,2
20702,2
20703,2
20704,2
20705,0
20706,0
20707,0
20708,2
20709,0
20710,1
20711,1
20712,1
20713,0
20714,0
20715,0
20716,1
20717,0
20718,0
20719,0
20720,0
20721,0
20722,2
20723,0
20724,0
20725,0
20726,0
20727,2
20728,2
20729,2
20730,2
20731,0
20732,3
20733,3
20734,0
20735,0
20736,4
20737,0
20738,0
20739,1
20740,1
20741,0
20742,0
20743,0
20744,0
20745,0
20746,0
20747,0
20748,0
20749,0
20750,0
20751,0
20752,0
20753,0
20754,0
20755,0
20756,0
20757,0
20758,0
20759,0
20760,0
20761,0
20762,0
20763,0
20764,0
20765,0
20766,0
20767,0
20768,0
20769,0
20770,0
20771,0
20772,0
20773,0
20774,0
20775,0
20776,0
20777,0
20778,0
20779,0
20780,0
20781,0
20782,0
20783,0
20784,0
20785,0
20786,0
20787,0
20788,0
20789,0
20790,0
20791,0
20792,0
20793,0
20794,0
20795,0
20796,0
20797,0
20798,0
20799,0
20800,0
20801,0
20802,0
20803,0
20804,0
20805,0
20806,0
20807,0
20808,0
20809,0
20810,0
20811,0
20812,0
20813,0
20814,0
20815,0
20816,0
20817,0
20818,0
20819,0
20820,0
20821,0
20822,0
20823,0
20824,0
20825,0
20826,1
20827,1
20828,0
20829,0
20830,0
20831,0
20832,0
20833,1
20834,0
20835,0
20836,0
20837,0
20838,0
20839,0
20840,0
20841,0
20842,0
20843,0
20844,0
20845,0
20846,0
20847,0
20848,0
20849,0
20850,0
20851,0
20852,0
20853,0
20854,2
20855,0
20856,0
20857,0
20858,0
20859,0
20860,0
20861,0
20862,0
20863,0
20864,0
20865,0
20866,0
20867,0
20868,0
20869,2
20870,2
20871,3
20872,3
20873,1
20874,1
20875,1
20876,0
20877,0
20878,0
20879,0
20880,3
20881,1
20882,1
20883,1
20884,1
20885,1
20886,1
20887,4
20888,4
20889,1
20890,1
20891,0
20892,0
20893,0
20894,2
20895,1
20896,1
20897,1
20898,1
20899,3
20900,3
20901,2
20902,1
20903,1
20904,1
20905,2
20906,2
20907,2
20908,2
20909,2
20910,0
20911,0
20912,0
20913,2
20914,0
20915,2
20916,2
20917,0
20918,2
20919,2
20920,2
20921,0
20922,0
20923,0
20924,0
20925,4
20926,4
20927,5
20928,3
20929,3
20930,0
20931,0
20932,0
20933,4
20934,5
20935,5
20936,0
20937,0
20938,0
20939,0
20940,0
20941,0
20942,0
20943,0
20944,0
20945,0
20946,0
20947,0
20948,0
20949,0
20950,0
20951,0
20952,0
20953,0
20954,0
20955,0
20956,0
20957,0
20958,0
20959,0
20960,0
20961,0
20962,0
20963,0
20964,0
20965,0
20966,0
20967,0
20968,0
20969,0
20970,0
20971,0
20972,0
20973,0
20974,0
20975,0
20976,0
20977,0
20978,0
20979,0
20980,0
20981,0
20982,0
20983,0
20984,0
20985,0
20986,0
20987,0
20988,0
20989,1
20990,1
20991,1
20992,0
20993,0
20994,0
20995,0
20996,0
20997,0
20998,0
20999,0
21000,0
21001,0
21002,0
21003,1
21004,0
21005,1
21006,1
21007,1
21008,1
21009,1
21010,1
21011,1
21012,0
21013,0
21014,0
21015,0
21016,0
21017,0
21018,0
21019,0
21020,0
21021,0
21022,0
21023,1
21024,1
21025,1
21026,0
21027,0
21028,0
21029,2
21030,0
21031,0
21032,0
21033,0
21034,0
21035,0
21036,0
21037,0
21038,0
21039,0
21040,0
21041,0
21042,0
21043,0
21044,0
21045,1
21046,1
21047,1
21048,1
21049,1
21050,0
21051,0
21052,1
21053,1
21054,0
21055,0
21056,0
21057,0
21058,3
21059,1
21060,1
21061,1
21062,1
21063,4
21064,1
21065,0
21066,1
21067,3
21068,3
21069,3
21070,2
21071,2
21072,2
21073,2
21074,1
21075,1
21076,2
21077,2
21078,2
21079,3
21080,1
21081,2
21082,2
21083,3
21084,0
21085,0
21086,0
21087,0
21088,2
21089,2
21090,2
21091,2
21092,0
21093,0
21094,2
21095,2
21096,3
21097,0
21098,4
21099,4
21100,3
21101,3
21102,0
21103,0
21104,0
21105,0
21106,0
21107,0
21108,0
21109,4
21110,4
21111,4
21112,5
21113,0
21114,0
21115,0
21116,0
21117,0
21118,0
21119,0
21120,0
21121,0
21122,0
21123,0
21124,0
21125,0
21126,0
21127,0
21128,0
21129,0
21130,1
21131,0
21132,0
21133,0
21134,0
21135,0
21136,0
21137,0
21138,0
21139,0
21140,3
21141,3
21142,3
21143,0
21144,0
21145,0
21146,0
21147,0
21148,0
21149,0
21150,0
21151,0
21152,0
21153,0
21154,0
21155,0
21156,0
21157,4
21158,3
21159,5
21160,0
21161,0
21162,0
21163,4
21164,4
21165,4
21166,0
21167,0
21168,4
21169,0
21170,5
21171,5
21172,5
21173,5
21174,5
21175,5
21176,5
21177,5
21178,5
21179,5
21180,2
21181,3
21182,3
21183,5
21184,0
21185,5
21186,0
21187,3
21188,4
21189,2
21190,0
21191,0
21192,0
21193,0
21194,0
21195,0
21196,0
21197,0
21198,0
21199,0
21200,0
21201,0
21202,0
21203,0
21204,0
21205,0
21206,0
21207,0
21208,0
21209,0
21210,5
21211,0
21212,0
21213,0
21214,0
21215,0
21216,0
21217,0
21218,0
21219,0
21220,4
21221,0
21222,0
21223,4
21224,0
21225,0
21226,0
21227,0
21228,0
21229,0
21230,0
21231,0
21232,1
21233,0
21234,0
21235,0
21236,0
21237,0
21238,0
21239,0
21240,0
21241,0
21242,0
21243,0
21244,0
21245,0
21246,0
21247,0
21248,0
21249,0
21250,0
21251,0
21252,0
21253,0
21254,0
21255,0
21256,0
21257,0
21258,0
21259,0
21260,0
21261,0
21262,0
21263,0
21264,0
21265,0
21266,0
21267,0
21268,0
21269,4
21270,1
21271,1
21272,4
21273,0
21274,0
21275,0
21276,0
21277,0
21278,0
21279,1
21280,0
21281,0
21282,0
21283,0
21284,1
21285,0
21286,2
21287,2
21288,2
21289,3
21290,2
21291,2
21292,2
21293,3
21294,2
21295,4
21296,4
21297,3
21298,3
21299,3
21300,3
21301,0
21302,0
21303,0
21304,0
21305,0
21306,0
21307,3
21308,3
21309,2
21310,1
21311,1
21312,0
21313,0
21314,0
21315,0
21316,3
21317,3
21318,4
21319,3
21320,3
21321,3
21322,3
21323,2
21324,3
21325,3
21326,3
21327,1
21328,0
21329,0
21330,0
21331,0
21332,0
21333,0
21334,0
21335,0
21336,0
21337,0
21338,0
21339,0
21340,0
21341,0
21342,0
21343,0
21344,0
21345,0
21346,0
21347,0
21348,0
21349,0
21350,0
21351,0
21352,0
21353,0
21354,0
21355,0
21356,0
21357,0
21358,0
21359,0
21360,0
21361,0
21362,0
21363,1
21364,0
21365,1
21366,1
21367,1
21368,0
21369,0
21370,1
21371,1
21372,1
21373,1
21374,1
21375,1
21376,1
21377,1
21378,1
21379,0
21380,0
21381,0
21382,0
21383,1
21384,0
21385,0
21386,0
21387,0
21388,0
21389,0
21390,0
21391,0
21392,0
21393,0
21394,0
21395,0
21396,0
21397,0
21398,0
21399,0
21400,0
21401,0
21402,0
21403,0
21404,0
21405,1
21406,1
21407,1
21408,1
21409,1
21410,0
21411,0
21412,0
21413,0
21414,0
21415,0
21416,0
21417,0
21418,2
21419,2
21420,0
21421,0
21422,1
21423,0
21424,0
21425,0
21426,0
21427,0
21428,0
21429,0
21430,0
21431,0
21432,1
21433,2
21434,2
21435,0
21436,0
21437,0
21438,0
21439,0
21440,0
21441,0
21442,0
21443,0
21444,0
21445,0
21446,0
21447,0
21448,0
21449,0
21450,0
21451,0
21452,0
21453,0
21454,0
21455,0
21456,0
21457,0
21458,0
21459,0
21460,0
21461,0
21462,0
21463,0
21464,0
21465,0
21466,0
21467,0
21468,0
21469,1
21470,1
21471,1
21472,1
21473,1
21474,1
21475,1
21476,1
21477,1
21478,1
21479,1
21480,1
21481,1
21482,1
21483,1
21484,1
21485,1
21486,1
21487,1
21488,1
21489,1
21490,1
21491,1
21492,1
21493,1
21494,1
21495,1
21496,1
21497,1
21498,1
21499,2
21500,1
21501,1
21502,1
21503,1
21504,1
21505,4
21506,4
21507,3
21508,4
21509,4
21510,2
21511,2
21512,2
21513,1
21514,4
21515,4
21516,4
21517,4
21518,1
21519,3
21520,4
21521,0
21522,0
21523,5
21524,2
21525,2
21526,2
21527,2
21528,4
21529,4
21530,4
21531,4
21532,5
21533,5
21534,5
21535,2
21536,1
21537,1
21538,2
21539,4
21540,5
21541,5
21542,1
21543,1
21544,5
21545,5
21546,1
21547,5
21548,5
21549,4
21550,4
21551,0
21552,0
21553,0
21554,0
21555,0
21556,0
21557,5
21558,5
21559,5
21560,5
21561,0
21562,5
21563,0
21564,0
21565,5
21566,5
21567,5
21568,5
21569,0
21570,5
21571,5
21572,5
21573,5
21574,2
21575,0
21576,0
21577,0
21578,0
21579,0
21580,3
21581,3
21582,1
21583,1
21584,1
21585,1
21586,0
21587,0
21588,0
21589,1
21590,1
21591,1
21592,1
21593,2
21594,2
21595,0
21596,0
21597,0
21598,0
21599,0
21600,2
21601,2
21602,2
21603,2
21604,0
21605,0
21606,0
21607,0
21608,0
21609,0
21610,0
21611,0
21612,0
21613,2
21614,2
21615,2
21616,0
21617,0
21618,0
21619,0
21620,0
21621,0
21622,0
21623,5
21624,5
21625,5
21626,5
21627,5
21628,0
21629,3
21630,3
21631,3
21632,3
21633,3
21634,3
21635,3
21636,3
21637,0
21638,0
21639,4
21640,5
21641,2
21642,2
21643,2
21644,2
21645,2
21646,2
21647,2
21648,2
21649,2
21650,2
21651,2
21652,2
21653,2
21654,2
21655,2
21656,2
21657,0
21658,2
21659,2
21660,2
21661,0
21662,0
21663,0
21664,0
21665,0
21666,1
21667,1
21668,1
21669,1
21670,0
21671,0
21672,0
21673,0
21674,0
21675,0
21676,0
21677,0
21678,0
21679,0
21680,0
21681,2
21682,2
21683,2
21684,0
21685,3
21686,3
21687,0
21688,0
21689,0
21690,0
21691,0
21692,0
21693,0
21694,0
21695,0
21696,1
21697,1
21698,0
21699,0
21700,0
21701,0
21702,0
21703,0
21704,0
21705,0
21706,0
21707,0
21708,0
21709,0
21710,0
21711,0
21712,0
21713,0
21714,0
21715,0
21716,0
21717,0
21718,0
21719,0
21720,0
21721,0
21722,0
21723,0
21724,0
21725,0
21726,0
21727,0
21728,0
21729,0
21730,0
21731,0
21732,0
21733,0
21734,0
21735,0
21736,0
21737,0
21738,0
21739,0
21740,0
21741,0
21742,4
21743,2
21744,2
21745,3
21746,2
21747,0
21748,0
21749,0
21750,0
21751,0
21752,0
21753,0
21754,0
21755,0
21756,0
21757,0
21758,0
21759,0
21760,0
21761,0
21762,0
21763,0
21764,0
21765,0
21766,0
21767,0
21768,0
21769,0
21770,0
21771,0
21772,0
21773,0
21774,1
21775,1
21776,1
21777,1
21778,1
21779,1
21780,1
21781,0
21782,1
21783,1
21784,1
21785,1
21786,1
21787,1
21788,1
21789,1
21790,1
21791,1
21792,1
21793,1
21794,1
21795,1
21796,1
21797,1
21798,1
21799,1
21800,1
21801,2
21802,1
21803,1
21804,1
21805,1
21806,1
21807,1
21808,1
21809,1
21810,2
21811,1
21812,1
21813,1
21814,1
21815,1
21816,3
21817,3
21818,4
21819,4
21820,4
21821,4
21822,3
21823,4
21824,4
21825,4
21826,4
21827,4
21828,4
21829,3
21830,4
21831,2
21832,0
21833,0
21834,0
21835,4
21836,4
21837,0
21838,0
21839,4
21840,4
21841,4
21842,4
21843,4
21844,2
21845,4
21846,4
21847,5
21848,5
21849,1
21850,1
21851,1
21852,1
21853,4
21854,5
21855,5
21856,5
21857,5
21858,5
21859,1
21860,1
21861,1
21862,1
21863,1
21864,4
21865,5
21866,0
21867,0
21868,4
21869,4
21870,5
21871,0
21872,0
21873,0
21874,0
21875,0
21876,0
21877,0
21878,0
21879,0
21880,0
21881,0
21882,0
21883,0
21884,0
21885,0
21886,5
21887,0
21888,5
21889,5
21890,5
21891,5
21892,5
21893,5
21894,0
21895,0
21896,5
21897,5
21898,5
21899,5
21900,3
21901,5
21902,2
21903,2
21904,3
21905,0
21906,0
21907,0
21908,0
21909,1
21910,0
21911,0
21912,0
21913,0
21914,0
21915,0
21916,3
21917,3
21918,3
21919,0
21920,0
21921,0
21922,0
21923,0
21924,2
21925,0
21926,0
21927,0
21928,0
21929,0
21930,0
21931,0
21932,0
21933,3
21934,3
21935,3
21936,3
21937,3
21938,3
21939,0
21940,0
21941,2
21942,0
21943,4
21944,0
21945,0
21946,0
21947,0
21948,0
21949,0
21950,0
21951,4
21952,5
21953,5
21954,5
21955,0
21956,0
21957,0
21958,0
21959,0
21960,5
21961,5
21962,5
21963,5
21964,5
21965,5
21966,0
21967,2
21968,0
21969,0
21970,3
21971,4
21972,4
21973,4
21974,0
21975,5
21976,2
21977,0
21978,4
21979,0
21980,0
21981,0
21982,0
21983,0
21984,0
21985,0
21986,0
21987,0
21988,5
21989,5
21990,5
21991,5
21992,5
21993,0
21994,0
21995,4
21996,0
21997,4
21998,0
21999,0
22000,0
22001,0
22002,0
22003,0
22004,0
22005,4
22006,4
22007,0
22008,0
22009,0
22010,0
22011,0
22012,0
22013,0
22014,0
22015,0
22016,0
22017,0
22018,0
22019,0
22020,0
22021,0
22022,0
22023,0
22024,0
22025,0
22026,0
22027,0
22028,0
22029,0
22030,0
22031,0
22032,0
22033,0
22034,0
22035,0
22036,0
22037,0
22038,0
22039,0
22040,0
22041,0
22042,0
22043,0
22044,0
22045,0
22046,0
22047,4
22048,0
22049,0
22050,4
22051,4
22052,1
22053,1
22054,1
22055,1
22056,0
22057,0
22058,0
22059,0
22060,0
22061,0
22062,0
22063,1
22064,0
22065,0
22066,1
22067,1
22068,2
22069,2
22070,3
22071,3
22072,2
22073,4
22074,2
22075,3
22076,3
22077,3
22078,3
22079,4
22080,4
22081,2
22082,3
22083,3
22084,3
22085,3
22086,3
22087,3
22088,3
22089,3
22090,3
22091,2
22092,1
22093,1
22094,1
22095,1
22096,0
22097,0
22098,0
22099,0
22100,4
22101,3
22102,3
22103,3
22104,3
22105,4
22106,3
22107,0
22108,0
22109,0
22110,0
22111,0
22112,0
22113,0
22114,0
22115,0
22116,0
22117,0
22118,0
22119,0
22120,0
22121,0
22122,0
22123,0
22124,0
22125,0
22126,0
22127,0
22128,0
22129,0
22130,0
22131,0
22132,0
22133,0
22134,0
22135,0
22136,0
22137,0
22138,0
22139,0
22140,0
22141,0
22142,0
22143,0
22144,0
22145,0
22146,0
22147,1
22148,1
22149,0
22150,0
22151,1
22152,0
22153,0
22154,0
22155,1
22156,0
22157,0
22158,0
22159,0
22160,0
22161,0
22162,0
22163,0
22164,0
22165,0
22166,0
22167,1
22168,0
22169,1
22170,0
22171,0
22172,0
22173,0
22174,0
22175,0
22176,0
22177,0
22178,0
22179,0
22180,0
22181,0
22182,0
22183,0
22184,0
22185,0
22186,0
22187,0
22188,0
22189,0
22190,0
22191,0
22192,0
22193,0
22194,0
22195,0
22196,0
22197,0
22198,0
22199,0
22200,0
22201,0
22202,0
22203,1
22204,1
22205,1
22206,1
22207,0
22208,1
22209,1
22210,1
22211,0
22212,1
22213,2
22214,2
22215,1
22216,0
22217,0
22218,0
22219,0
22220,0
22221,0
22222,0
22223,0
22224,0
22225,0
22226,0
22227,0
22228,0
22229,0
22230,0
22231,0
22232,1
22233,1
22234,1
22235,0
22236,1
22237,1
22238,1
22239,1
22240,1
22241,1
22242,1
22243,0
22244,1
22245,2
22246,2
22247,2
22248,2
22249,0
22250,0
22251,0
22252,0
22253,0
22254,0
22255,0
22256,0
22257,0
22258,0
22259,0
22260,2
22261,2
22262,2
22263,3
22264,0
22265,0
22266,0
22267,0
22268,0
22269,5
22270,0
22271,0
22272,0
22273,0
22274,0
22275,0
22276,0
22277,0
22278,3
22279,3
22280,3
22281,0
22282,0
22283,4
22284,4
22285,4
22286,5
22287,5
22288,2
22289,2
22290,2
22291,2
22292,2
22293,2
22294,0
22295,0
22296,0
22297,0
22298,0
22299,2
22300,2
22301,2
22302,1
22303,0
22304,0
22305,0
22306,0
22307,1
22308,1
22309,1
22310,0
22311,0
22312,1
22313,2
22314,0
22315,0
22316,0
22317,0
22318,0
22319,0
22320,0
22321,2
22322,0
22323,2
22324,2
22325,2
22326,3
22327,3
22328,0
22329,0
22330,0
22331,0
22332,0
22333,0
22334,0
22335,0
22336,0
22337,0
22338,0
22339,0
22340,0
22341,0
22342,0
22343,0
22344,0
22345,0
22346,0
22347,0
22348,0
22349,0
22350,0
22351,0
22352,0
22353,0
22354,0
22355,0
22356,0
22357,0
22358,0
22359,0
22360,0
22361,0
22362,0
22363,0
22364,0
22365,0
22366,0
22367,0
22368,0
22369,0
22370,0
22371,0
22372,0
22373,0
22374,0
22375,0
22376,0
22377,0
22378,0
22379,0
22380,0
22381,0
22382,0
22383,0
22384,0
22385,0
22386,0
22387,0
22388,0
22389,0
22390,0
22391,0
22392,0
22393,0
22394,0
22395,0
22396,0
22397,0
22398,0
22399,0
22400,0
22401,0
22402,0
22403,0
22404,0
22405,0
22406,0
22407,1
22408,1
22409,0
22410,0
22411,0
22412,0
22413,0
22414,0
22415,0
22416,0
22417,1
22418,0
22419,1
22420,1
22421,0
22422,0
22423,0
22424,0
22425,0
22426,0
22427,0
22428,0
22429,0
22430,0
22431,1
22432,2
22433,0
22434,0
22435,2
22436,0
22437,0
22438,0
22439,0
22440,0
22441,0
22442,0
22443,0
22444,0
22445,0
22446,0
22447,0
22448,0
22449,0
22450,0
22451,0
22452,0
22453,0
22454,0
22455,0
22456,0
22457,2
22458,1
22459,1
22460,1
22461,1
22462,1
22463,1
22464,0
22465,0
22466,1
22467,1
22468,1
22469,1
22470,1
22471,1
22472,1
22473,1
22474,4
22475,4
22476,2
22477,2
22478,1
22479,1
22480,1
22481,1
22482,3
22483,3
22484,2
22485,2
22486,2
22487,2
22488,1
22489,1
22490,2
22491,2
22492,3
22493,3
22494,3
22495,3
22496,1
22497,2
22498,3
22499,0
22500,0
22501,0
22502,0
22503,0
22504,0
22505,0
22506,2
22507,2
22508,0
22509,0
22510,0
22511,2
22512,2
22513,2
22514,0
22515,4
22516,3
22517,3
22518,3
22519,0
22520,0
22521,0
22522,0
22523,0
22524,0
22525,4
22526,4
22527,0
22528,0
22529,0
22530,0
22531,0
22532,0
22533,0
22534,0
22535,1
22536,1
22537,0
22538,0
22539,0
22540,0
22541,0
22542,0
22543,0
22544,0
22545,0
22546,4
22547,0
22548,0
22549,0
22550,0
22551,0
22552,0
22553,0
22554,0
22555,0
22556,0
22557,0
22558,0
22559,0
22560,0
22561,0
22562,0
22563,0
22564,0
22565,0
22566,0
22567,0
22568,0
22569,0
22570,0
22571,0
22572,0
22573,0
22574,0
22575,0
22576,0
22577,0
22578,0
22579,1
22580,1
22581,0
22582,0
22583,0
22584,1
22585,0
22586,0
22587,1
22588,1
22589,1
22590,0
22591,0
22592,0
22593,0
22594,0
22595,0
22596,0
22597,0
22598,0
22599,0
22600,0
22601,0
22602,2
22603,2
22604,0
22605,0
22606,0
22607,0
22608,2
22609,0
22610,0
22611,0
22612,0
22613,0
22614,0
22615,0
22616,0
22617,0
22618,0
22619,0
22620,0
22621,0
22622,0
22623,0
22624,0
22625,3
22626,3
22627,1
22628,1
22629,0
22630,0
22631,0
22632,0
22633,0
22634,0
22635,0
22636,0
22637,0
22638,3
22639,1
22640,1
22641,1
22642,1
22643,1
22644,1
22645,1
22646,1
22647,0
22648,0
22649,1
22650,1
22651,1
22652,2
22653,2
22654,2
22655,2
22656,2
22657,2
22658,2
22659,2
22660,2
22661,1
22662,1
22663,2
22664,0
22665,0
22666,0
22667,0
22668,0
22669,0
22670,0
22671,2
22672,2
22673,2
22674,2
22675,2
22676,2
22677,2
22678,0
22679,0
22680,0
22681,2
22682,2
22683,3
22684,0
22685,3
22686,3
22687,0
22688,0
22689,0
22690,0
22691,0
22692,0
22693,0
22694,3
22695,4
22696,0
22697,0
22698,0
22699,0
22700,0
22701,0
22702,0
22703,0
22704,0
22705,0
22706,0
22707,0
22708,0
22709,0
22710,0
22711,0
22712,0
22713,0
22714,4
22715,4
22716,1
22717,1
22718,2
22719,2
22720,1
22721,3
22722,0
22723,0
22724,0
22725,0
22726,0
22727,0
22728,0
22729,0
22730,0
22731,0
22732,0
22733,0
22734,0
22735,0
22736,0
22737,0
22738,0
22739,0
22740,0
22741,0
22742,0
22743,0
22744,0
22745,0
22746,0
22747,0
22748,0
22749,0
22750,0
22751,0
22752,0
22753,1
22754,1
22755,1
22756,1
22757,1
22758,1
22759,1
22760,1
22761,1
22762,1
22763,1
22764,1
22765,1
22766,1
22767,1
22768,1
22769,1
22770,1
22771,1
22772,1
22773,1
22774,1
22775,1
22776,2
22777,1
22778,1
22779,1
22780,1
22781,2
22782,2
22783,1
22784,1
22785,1
22786,1
22787,1
22788,1
22789,1
22790,1
22791,1
22792,3
22793,3
22794,4
22795,4
22796,4
22797,4
22798,3
22799,4
22800,1
22801,4
22802,4
22803,4
22804,1
22805,0
22806,0
22807,4
22808,4
22809,0
22810,0
22811,4
22812,4
22813,4
22814,3
22815,4
22816,4
22817,5
22818,4
22819,2
22820,4
22821,4
22822,4
22823,5
22824,1
22825,5
22826,5
22827,2
22828,5
22829,1
22830,5
22831,1
22832,1
22833,1
22834,4
22835,5
22836,5
22837,5
22838,5
22839,0
22840,0
22841,0
22842,0
22843,0
22844,0
22845,0
22846,0
22847,0
22848,0
22849,0
22850,5
22851,0
22852,0
22853,0
22854,5
22855,5
22856,0
22857,5
22858,5
22859,0
22860,5
22861,5
22862,2
22863,3
22864,1
22865,0
22866,0
22867,0
22868,0
22869,0
22870,0
22871,0
22872,0
22873,0
22874,3
22875,2
22876,2
22877,0
22878,0
22879,0
22880,2
22881,2
22882,0
22883,0
22884,0
22885,0
22886,0
22887,0
22888,0
22889,0
22890,3
22891,3
22892,0
22893,0
22894,5
22895,5
22896,2
22897,0
22898,0
22899,0
22900,0
22901,0
22902,4
22903,4
22904,0
22905,0
22906,0
22907,2
22908,0
22909,2
22910,2
22911,5
22912,0
22913,0
22914,5
22915,5
22916,5
22917,5
22918,5
22919,5
22920,3
22921,0
22922,0
22923,3
22924,4
22925,4
22926,2
22927,2
22928,0
22929,0
22930,4
22931,0
22932,0
22933,0
22934,0
22935,0
22936,0
22937,0
22938,0
22939,0
22940,0
22941,0
22942,0
22943,0
22944,0
22945,0
22946,0
22947,0
22948,0
22949,0
22950,0
22951,0
22952,0
22953,0
22954,0
22955,4
22956,4
22957,4
22958,0
22959,0
22960,4
22961,4
22962,0
22963,0
22964,0
22965,0
22966,0
22967,0
22968,0
22969,0
22970,0
22971,0
22972,0
22973,0
22974,0
22975,0
22976,0
22977,0
22978,0
22979,0
22980,0
22981,0
22982,0
22983,0
22984,0
22985,0
22986,0
22987,0
22988,0
22989,0
22990,0
22991,0
22992,0
22993,0
22994,0
22995,0
22996,0
22997,0
22998,0
22999,0
23000,1
23001,1
23002,4
23003,0
23004,0
23005,0
23006,0
23007,0
23008,0
23009,0
23010,0
23011,0
23012,0
23013,0
23014,0
23015,1
23016,1
23017,1
23018,1
23019,0
23020,0
23021,2
23022,4
23023,4
23024,2
23025,2
23026,3
23027,2
23028,2
23029,4
23030,3
23031,3
23032,3
23033,3
23034,3
23035,3
23036,3
23037,0
23038,0
23039,0
23040,0
23041,3
23042,3
23043,3
23044,0
23045,0
23046,0
23047,0
23048,0
23049,0
23050,0
23051,0
23052,3
23053,3
23054,3
23055,3
23056,3
23057,0
23058,0
23059,0
23060,0
23061,0
23062,0
23063,0
23064,0
23065,0
23066,0
23067,0
23068,0
23069,0
23070,0
23071,0
23072,0
23073,0
23074,0
23075,0
23076,0
23077,0
23078,1
23079,0
23080,0
23081,0
23082,0
23083,0
23084,0
23085,1
23086,1
23087,1
23088,0
23089,0
23090,0
23091,0
23092,0
23093,0
23094,1
23095,1
23096,1
23097,0
23098,0
23099,0
23100,0
23101,0
23102,0
23103,0
23104,0
23105,0
23106,0
23107,0
23108,0
23109,0
23110,0
23111,0
23112,0
23113,0
23114,0
23115,0
23116,0
23117,0
23118,0
23119,0
23120,0
23121,0
23122,1
23123,1
23124,0
23125,0
23126,0
23127,0
23128,2
23129,2
23130,2
23131,0
23132,0
23133,0
23134,0
23135,2
23136,1
23137,1
23138,0
23139,0
23140,0
23141,0
23142,0
23143,1
23144,1
23145,0
23146,0
23147,1
23148,1
23149,1
23150,1
23151,1
23152,1
23153,1
23154,2
23155,2
23156,0
23157,0
23158,0
23159,0
23160,0
23161,0
23162,0
23163,0
23164,0
23165,0
23166,4
23167,2
23168,2
23169,2
23170,2
23171,0
23172,0
23173,0
23174,0
23175,0
23176,2
23177,2
23178,2
23179,2
23180,0
23181,0
23182,0
23183,0
23184,0
23185,0
23186,0
23187,0
23188,5
23189,0
23190,0
23191,0
23192,0
23193,3
23194,3
23195,3
23196,3
23197,3
23198,3
23199,3
23200,3
23201,3
23202,3
23203,4
23204,0
23205,0
23206,0
23207,4
23208,0
23209,2
23210,2
23211,2
23212,0
23213,0
23214,2
23215,2
23216,2
23217,2
23218,0
23219,0
23220,0
23221,0
23222,0
23223,1
23224,1
23225,0
23226,0
23227,0
23228,0
23229,0
23230,0
23231,0
23232,0
23233,2
23234,2
23235,2
23236,2
23237,2
23238,3
23239,3
23240,3
23241,3
23242,0
23243,0
23244,0
23245,0
23246,0
23247,0
23248,1
23249,0
23250,0
23251,0
23252,0
23253,0
23254,0
23255,0
23256,0
23257,0
23258,0
23259,0
23260,0
23261,0
23262,0
23263,0
23264,0
23265,0
23266,0
23267,0
23268,0
23269,0
23270,0
23271,0
23272,0
23273,0
23274,0
23275,0
23276,0
23277,0
23278,0
23279,0
23280,0
23281,0
23282,0
23283,0
23284,0
23285,0
23286,0
23287,0
23288,0
23289,0
23290,0
23291,0
23292,0
23293,0
23294,0
23295,0
23296,4
23297,4
23298,0
23299,4
23300,0
23301,1
23302,0
23303,0
23304,0
23305,0
23306,0
23307,1
23308,0
23309,0
23310,0
23311,0
23312,0
23313,0
23314,0
23315,0
23316,0
23317,1
23318,0
23319,0
23320,1
23321,1
23322,1
23323,1
23324,1
23325,1
23326,0
23327,0
23328,0
23329,1
23330,0
23331,0
23332,0
23333,0
23334,0
23335,0
23336,0
23337,0
23338,0
23339,0
23340,0
23341,0
23342,0
23343,0
23344,0
23345,1
23346,1
23347,1
23348,1
23349,0
23350,0
23351,0
23352,0
23353,0
23354,0
23355,0
23356,0
23357,0
23358,0
23359,1
23360,1
23361,1
23362,0
23363,0
23364,0
23365,0
23366,4
23367,4
23368,5
23369,2
23370,2
23371,2
23372,2
23373,2
23374,0
23375,0
23376,0
23377,0
23378,0
23379,0
23380,3
23381,3
23382,0
23383,0
23384,0
23385,0
23386,2
23387,0
23388,0
23389,0
23390,0
23391,0
23392,0
23393,0
23394,0
23395,0
23396,0
23397,0
23398,0
23399,0
23400,3
23401,3
23402,3
23403,0
23404,0
23405,4
23406,4
23407,0
23408,0
23409,0
23410,0
23411,2
23412,2
23413,2
23414,2
23415,2
23416,2
23417,2
23418,2
23419,5
23420,0
23421,0
23422,0
23423,5
23424,5
23425,5
23426,5
23427,5
23428,5
23429,0
23430,5
23431,5
23432,0
23433,0
23434,0
23435,0
23436,0
23437,0
23438,0
23439,0
23440,0
23441,0
23442,0
23443,0
23444,0
23445,0
23446,0
23447,0
23448,0
23449,0
23450,0
23451,0
23452,0
23453,2
23454,0
23455,0
23456,0
23457,0
23458,0
23459,0
23460,4
23461,5
23462,1
23463,2
23464,2
23465,3
23466,0
23467,0
23468,2
23469,2
23470,2
23471,2
23472,2
23473,2
23474,0
23475,0
23476,3
23477,0
23478,0
23479,0
23480,0
23481,2
23482,3
23483,3
23484,3
23485,4
23486,4
23487,4
23488,4
23489,4
23490,3
23491,2
23492,3
23493,3
23494,3
23495,3
23496,3
23497,3
23498,0
23499,0
23500,0
23501,0
23502,3
23503,4
23504,4
23505,3
23506,2
23507,1
23508,1
23509,0
23510,0
23511,0
23512,0
23513,0
23514,0
23515,0
23516,0
23517,0
23518,0
23519,0
23520,0
23521,5
23522,5
23523,2
23524,0
23525,0
23526,0
23527,0
23528,0
23529,0
23530,0
23531,0
23532,0
23533,0
23534,0
23535,5
23536,5
23537,0
23538,0
23539,0
23540,0
23541,0
23542,0
23543,4
23544,0
23545,0
23546,2
23547,0
23548,0
23549,0
23550,0
23551,0
23552,0
23553,0
23554,0
23555,0
23556,0
23557,0
23558,0
23559,0
23560,0
23561,0
23562,0
23563,0
23564,0
23565,0
23566,0
23567,0
23568,0
23569,0
23570,0
23571,0
23572,0
23573,0
23574,0
23575,0
23576,0
23577,0
23578,0
23579,0
23580,0
23581,0
23582,0
23583,0
23584,0
23585,0
23586,0
23587,0
23588,4
23589,0
23590,0
23591,3
23592,3
23593,5
23594,3
23595,4
23596,4
23597,3
23598,3
23599,3
23600,3
23601,4
23602,4
23603,1
23604,4
23605,4
23606,4
23607,4
23608,4
23609,1
23610,1
23611,0
23612,0
23613,4
23614,4
23615,4
23616,4
23617,4
23618,4
23619,5
23620,4
23621,2
23622,5
23623,1
23624,1
23625,5
23626,1
23627,4
23628,5
23629,5
23630,5
23631,1
23632,5
23633,5
23634,5
23635,5
23636,5
23637,1
23638,5
23639,5
23640,0
23641,0
23642,0
23643,0
23644,0
23645,0
23646,0
23647,0
23648,0
23649,0
23650,5
23651,0
23652,0
23653,5
23654,5
23655,0
23656,0
23657,0
23658,5
23659,5
23660,5
23661,0
23662,5
23663,5
23664,5
23665,5
23666,0
23667,0
23668,0
23669,0
23670,0
23671,0
23672,0
23673,0
23674,0
23675,0
23676,0
23677,0
23678,0
23679,0
23680,0
23681,0
23682,0
23683,0
23684,0
23685,0
23686,0
23687,0
23688,0
23689,0
23690,0
23691,0
23692,0
23693,0
23694,0
23695,0
23696,0
23697,0
23698,1
23699,1
23700,1
23701,0
23702,0
23703,0
23704,0
23705,1
23706,0
23707,0
23708,0
23709,0
23710,1
23711,1
23712,1
23713,1
23714,1
23715,1
23716,1
23717,1
23718,1
23719,1
23720,1
23721,1
23722,1
23723,1
23724,1
23725,1
23726,1
23727,1
23728,1
23729,2
23730,1
23731,1
23732,1
23733,1
23734,1
23735,1
23736,1
23737,1
23738,1
23739,1
23740,1
23741,1
23742,1
23743,0
23744,0
23745,0
23746,0
23747,0
23748,0
23749,0
23750,1
23751,1
23752,1
23753,0
23754,0
23755,0
23756,0
23757,0
23758,1
23759,1
23760,1
23761,0
23762,0
23763,1
23764,2
23765,2
23766,2
23767,0
23768,0
23769,0
23770,0
23771,0
23772,0
23773,0
23774,0
23775,2
23776,2
23777,2
23778,0
23779,2
23780,2
23781,3
23782,3
23783,0
23784,0
23785,0
23786,0
23787,0
23788,0
23789,0
23790,0
23791,0
23792,0
23793,0
23794,0
23795,0
23796,0
23797,0
23798,0
23799,1
23800,1
23801,1
23802,1
23803,1
23804,0
23805,0
23806,0
23807,0
23808,0
23809,0
23810,0
23811,0
23812,0
23813,0
23814,0
23815,0
23816,0
23817,0
23818,0
23819,0
23820,0
23821,0
23822,0
23823,0
23824,0
23825,0
23826,0
23827,0
23828,1
23829,1
23830,1
23831,1
23832,1
23833,1
23834,0
23835,0
23836,0
23837,1
23838,1
23839,1
23840,1
23841,1
23842,1
23843,0
23844,2
23845,2
23846,2
23847,2
23848,2
23849,0
23850,0
23851,0
23852,0
23853,0
23854,0
23855,0
23856,0
23857,0
23858,2
23859,2
23860,2
23861,2
23862,5
23863,0
23864,0
23865,0
23866,0
23867,0
23868,0
23869,0
23870,0
23871,0
23872,0
23873,0
23874,2
23875,3
23876,3
23877,0
23878,0
23879,0
23880,0
23881,0
23882,0
23883,0
23884,0
23885,0
23886,0
23887,0
23888,3
23889,3
23890,3
23891,3
23892,3
23893,3
23894,3
23895,0
23896,0
23897,3
23898,4
23899,4
23900,1
23901,1
23902,1
23903,1
23904,1
23905,1
23906,0
23907,0
23908,1
23909,1
23910,3
23911,2
23912,2
23913,2
23914,2
23915,2
23916,2
23917,3
23918,3
23919,0
23920,0
23921,0
23922,0
23923,0
23924,0
23925,0
23926,0
23927,2
23928,2
23929,2
23930,0
23931,2
23932,3
23933,3
23934,0
23935,0
23936,4
23937,5
23938,0
23939,0
23940,0
23941,3
23942,4
23943,4
23944,4
23945,5
23946,0
23947,0
23948,0
23949,0
23950,0
23951,0
23952,0
23953,0
23954,0
23955,0
23956,0
23957,0
23958,0
23959,0
23960,0
23961,0
23962,0
23963,0
23964,0
23965,0
23966,0
23967,0
23968,0
23969,0
23970,0
23971,0
23972,0
23973,0
23974,0
23975,0
23976,0
23977,0
23978,0
23979,0
23980,0
23981,0
23982,0
23983,0
23984,0
23985,0
23986,0
23987,0
23988,0
23989,0
23990,0
23991,0
23992,0
23993,0
23994,0
23995,0
23996,0
23997,0
23998,0
23999,0
24000,0
24001,0
24002,0
24003,0
24004,0
24005,0
24006,0
24007,0
24008,0
24009,0
24010,1
24011,0
24012,1
24013,1
24014,1
24015,1
24016,1
24017,0
24018,0
24019,0
24020,0
24021,0
24022,0
24023,0
24024,0
24025,0
24026,0
24027,0
24028,0
24029,0
24030,0
24031,0
24032,2
24033,0
24034,0
24035,0
24036,0
24037,0
24038,0
24039,0
24040,0
24041,0
24042,2
24043,2
24044,3
24045,3
24046,3
24047,1
24048,1
24049,1
24050,1
24051,1
24052,1
24053,0
24054,3
24055,3
24056,1
24057,1
24058,1
24059,1
24060,1
24061,4
24062,5
24063,1
24064,1
24065,2
24066,0
24067,0
24068,0
24069,0
24070,0
24071,1
24072,1
24073,3
24074,3
24075,3
24076,3
24077,2
24078,1
24079,2
24080,2
24081,0
24082,2
24083,3
24084,3
24085,1
24086,2
24087,2
24088,3
24089,0
24090,0
24091,0
24092,0
24093,0
24094,0
24095,0
24096,0
24097,0
24098,2
24099,2
24100,0
24101,0
24102,0
24103,0
24104,0
24105,3
24106,3
24107,3
24108,0
24109,0
24110,4
24111,0
24112,0
24113,0
24114,0
24115,0
24116,0
24117,3
24118,0
24119,0
24120,0
24121,0
24122,0
24123,0
24124,0
24125,0
24126,0
24127,0
24128,0
24129,0
24130,0
24131,0
24132,0
24133,0
24134,0
24135,0
24136,0
24137,0
24138,1
24139,0
24140,0
24141,0
24142,0
24143,0
24144,0
24145,0
24146,0
24147,0
24148,0
24149,0
24150,0
24151,0
24152,0
24153,0
24154,0
24155,0
24156,0
24157,0
24158,0
24159,0
24160,0
24161,0
24162,0
24163,0
24164,0
24165,0
24166,0
24167,0
24168,0
24169,1
24170,1
24171,1
24172,1
24173,0
24174,0
24175,0
24176,0
24177,0
24178,0
24179,0
24180,0
24181,0
24182,0
24183,0
24184,0
24185,1
24186,1
24187,0
24188,0
24189,0
24190,0
24191,0
24192,0
24193,0
24194,0
24195,2
24196,2
24197,0
24198,0
24199,0
24200,0
24201,2
24202,0
24203,0
24204,0
24205,0
24206,0
24207,2
24208,0
24209,0
24210,0
24211,0
24212,0
24213,0
24214,0
24215,1
24216,1
24217,2
24218,1
24219,0
24220,4
24221,0
24222,0
24223,0
24224,0
24225,0
24226,0
24227,0
24228,0
24229,0
24230,0
24231,0
24232,0
24233,0
24234,0
24235,0
24236,0
24237,0
24238,0
24239,0
24240,1
24241,0
24242,0
24243,0
24244,0
24245,1
24246,1
24247,0
24248,0
24249,0
24250,0
24251,0
24252,0
24253,1
24254,0
24255,0
24256,0
24257,1
24258,0
24259,0
24260,0
24261,0
24262,0
24263,0
24264,0
24265,0
24266,1
24267,1
24268,1
24269,1
24270,1
24271,1
24272,1
24273,1
24274,1
24275,0
24276,1
24277,1
24278,0
24279,0
24280,0
24281,0
24282,0
24283,0
24284,0
24285,0
24286,0
24287,0
24288,0
24289,0
24290,0
24291,0
24292,0
24293,0
24294,0
24295,0
24296,0
24297,0
24298,0
24299,0
24300,0
24301,0
24302,0
24303,0
24304,0
24305,1
24306,1
24307,1
24308,0
24309,0
24310,0
24311,0
24312,0
24313,0
24314,2
24315,1
24316,1
24317,1
24318,1
24319,0
24320,0
24321,0
24322,4
24323,5
24324,2
24325,2
24326,2
24327,2
24328,2
24329,2
24330,2
24331,0
24332,2
24333,0
24334,0
24335,0
24336,0
24337,0
24338,3
24339,3
24340,3
24341,0
24342,0
24343,2
24344,0
24345,0
24346,0
24347,0
24348,0
24349,0
24350,0
24351,0
24352,0
24353,0
24354,0
24355,3
24356,0
24357,2
24358,0
24359,0
24360,2
24361,2
24362,2
24363,4
24364,0
24365,2
24366,0
24367,0
24368,0
24369,5
24370,5
24371,0
24372,2
24373,2
24374,3
24375,3
24376,5
24377,0
24378,0
24379,0
24380,0
24381,0
24382,3
24383,0
24384,0
24385,2
24386,1
24387,1
24388,1
24389,0
24390,0
24391,0
24392,0
24393,0
24394,2
24395,2
24396,2
24397,2
24398,1
24399,3
24400,2
24401,2
24402,0
24403,2
24404,0
24405,0
24406,2
24407,3
24408,3
24409,3
24410,2
24411,3
24412,3
24413,3
24414,2
24415,4
24416,3
24417,3
24418,0
24419,3
24420,2
24421,1
24422,0
24423,3
24424,3
24425,3
24426,3
24427,3
24428,3
24429,0
24430,0
24431,0
24432,0
24433,1
24434,1
24435,0
24436,0
24437,0
24438,0
24439,0
24440,0
24441,0
24442,0
24443,0
24444,0
24445,0
24446,0
24447,0
24448,0
24449,0
24450,0
24451,0
24452,0
24453,4
24454,4
24455,4
24456,4
24457,2
24458,0
24459,0
24460,0
24461,0
24462,0
24463,0
24464,0
24465,0
24466,0
24467,0
24468,0
24469,5
24470,5
24471,0
24472,0
24473,0
24474,0
24475,0
24476,0
24477,0
24478,0
24479,4
24480,0
24481,0
24482,0
24483,0
24484,0
24485,0
24486,0
24487,0
24488,0
24489,0
24490,0
24491,0
24492,0
24493,0
24494,0
24495,0
24496,0
24497,0
24498,0
24499,0
24500,0
24501,0
24502,0
24503,0
24504,0
24505,0
24506,0
24507,0
24508,0
24509,0
24510,0
24511,0
24512,0
24513,0
24514,0
24515,0
24516,0
24517,0
24518,0
24519,0
24520,0
24521,0
24522,0
24523,0
24524,4
24525,4
24526,0
24527,1
24528,1
24529,0
24530,0
24531,3
24532,3
24533,4
24534,3
24535,4
24536,4
24537,4
24538,3
24539,4
24540,4
24541,3
24542,3
24543,4
24544,4
24545,3
24546,2
24547,0
24548,4
24549,4
24550,4
24551,1
24552,1
24553,0
24554,4
24555,4
24556,0
24557,4
24558,1
24559,2
24560,4
24561,4
24562,4
24563,4
24564,5
24565,5
24566,5
24567,1
24568,5
24569,5
24570,1
24571,1
24572,4
24573,5
24574,5
24575,5
24576,5
24577,5
24578,0
24579,5
24580,5
24581,5
24582,5
24583,5
24584,0
24585,0
24586,0
24587,0
24588,0
24589,0
24590,0
24591,0
24592,0
24593,0
24594,0
24595,0
24596,0
24597,0
24598,5
24599,5
24600,0
24601,0
24602,0
24603,0
24604,0
24605,5
24606,5
24607,0
24608,5
24609,5
24610,5
24611,0
24612,0
24613,5
24614,5
24615,5
24616,0
24617,0
24618,0
24619,0
24620,0
24621,0
24622,0
24623,0
24624,0
24625,0
24626,0
24627,0
24628,0
24629,0
24630,0
24631,0
24632,0
24633,0
24634,0
24635,0
24636,0
24637,0
24638,0
24639,0
24640,0
24641,0
24642,0
24643,0
24644,0
24645,0
24646,0
24647,0
24648,0
24649,0
24650,0
24651,0
24652,0
24653,0
24654,0
24655,0
24656,0
24657,1
24658,1
24659,1
24660,1
24661,1
24662,1
24663,1
24664,1
24665,1
24666,1
24667,1
24668,1
24669,1
24670,1
24671,1
24672,1
24673,1
24674,1
24675,1
24676,1
24677,1
24678,1
24679,2
24680,1
24681,1
24682,1
24683,1
24684,1
24685,1
24686,1
24687,1
24688,1
24689,0
24690,0
24691,0
24692,0
24693,0
24694,0
24695,0
24696,0
24697,1
24698,0
24699,0
24700,0
24701,1
24702,0
24703,0
24704,0
24705,0
24706,0
24707,0
24708,0
24709,1
24710,1
24711,1
24712,2
24713,0
24714,0
24715,0
24716,0
24717,0
24718,2
24719,2
24720,2
24721,2
24722,2
24723,2
24724,2
24725,3
24726,3
24727,3
24728,0
24729,0
24730,4
24731,4
24732,0
24733,0
24734,0
24735,0
24736,0
24737,0
24738,0
24739,0
24740,0
24741,0
24742,0
24743,0
24744,0
24745,0
24746,1
24747,1
24748,1
24749,1
24750,1
24751,0
24752,0
24753,0
24754,0
24755,0
24756,0
24757,0
24758,0
24759,0
24760,0
24761,0
24762,0
24763,0
24764,0
24765,0
24766,0
24767,0
24768,0
24769,0
24770,0
24771,0
24772,0
24773,0
24774,0
24775,0
24776,0
24777,0
24778,1
24779,1
24780,1
24781,1
24782,0
24783,0
24784,0
24785,1
24786,1
24787,1
24788,1
24789,1
24790,1
24791,1
24792,1
24793,1
24794,1
24795,2
24796,2
24797,2
24798,2
24799,2
24800,0
24801,0
24802,0
24803,4
24804,2
24805,5
24806,0
24807,0
24808,0
24809,0
24810,2
24811,2
24812,3
24813,3
24814,0
24815,0
24816,0
24817,0
24818,0
24819,0
24820,5
24821,5
24822,5
24823,5
24824,0
24825,3
24826,3
24827,3
24828,0
24829,0
24830,0
24831,0
24832,0
24833,0
24834,0
24835,0
24836,0
24837,4
24838,4
24839,4
24840,4
24841,1
24842,2
24843,4
24844,1
24845,1
24846,0
24847,4
24848,1
24849,3
24850,5
24851,4
24852,4
24853,2
24854,4
24855,4
24856,4
24857,4
24858,4
24859,5
24860,5
24861,2
24862,4
24863,4
24864,1
24865,5
24866,1
24867,1
24868,5
24869,5
24870,5
24871,1
24872,1
24873,5
24874,1
24875,1
24876,5
24877,1
24878,1
24879,1
24880,5
24881,5
24882,0
24883,5
24884,0
24885,0
24886,0
24887,0
24888,0
24889,0
24890,0
24891,0
24892,0
24893,0
24894,0
24895,0
24896,0
24897,0
24898,0
24899,0
24900,0
24901,5
24902,0
24903,0
24904,0
24905,0
24906,0
24907,5
24908,0
24909,5
24910,5
24911,0
24912,5
24913,0
24914,0
24915,5
24916,0
24917,0
24918,0
24919,5
24920,5
24921,5
24922,5
24923,5
24924,5
24925,0
24926,0
24927,0
24928,0
24929,0
24930,0
24931,0
24932,0
24933,0
24934,0
24935,0
24936,0
24937,0
24938,0
24939,0
24940,0
24941,0
24942,0
24943,0
24944,0
24945,0
24946,0
24947,0
24948,0
24949,0
24950,0
24951,0
24952,0
24953,0
24954,0
24955,0
24956,0
24957,0
24958,0
24959,0
24960,0
24961,1
24962,1
24963,1
24964,1
24965,1
24966,1
24967,1
24968,1
24969,1
24970,1
24971,1
24972,1
24973,1
24974,1
24975,1
24976,1
24977,1
24978,1
24979,1
24980,1
24981,1
24982,1
24983,2
24984,2
24985,1
24986,1
24987,1
24988,2
24989,1
24990,1
24991,1
24992,1
24993,1
24994,1
24995,1
24996,1
24997,1
24998,0
24999,0
25000,0
25001,0
25002,0
25003,0
25004,0
25005,0
25006,0
25007,0
25008,0
25009,1
25010,0
25011,0
25012,1
25013,1
25014,0
25015,0
25016,0
25017,1
25018,0
25019,1
25020,1
25021,1
25022,1
25023,0
25024,0
25025,0
25026,1
25027,0
25028,0
25029,0
25030,0
25031,0
25032,0
25033,0
25034,0
25035,0
25036,0
25037,0
25038,0
25039,0
25040,0
25041,0
25042,0
25043,0
25044,0
25045,0
25046,0
25047,0
25048,0
25049,0
25050,0
25051,0
25052,0
25053,0
25054,0
25055,1
25056,1
25057,1
25058,1
25059,0
25060,0
25061,0
25062,0
25063,0
25064,0
25065,0
25066,0
25067,0
25068,4
25069,4
25070,4
25071,5
25072,2
25073,2
25074,2
25075,2
25076,2
25077,2
25078,2
25079,0
25080,0
25081,0
25082,3
25083,3
25084,0
25085,0
25086,0
25087,0
25088,0
25089,0
25090,0
25091,0
25092,0
25093,0
25094,0
25095,0
25096,0
25097,0
25098,0
25099,0
25100,0
25101,4
25102,3
25103,3
25104,0
25105,0
25106,0
25107,0
25108,2
25109,4
25110,4
25111,0
25112,2
25113,2
25114,2
25115,5
25116,5
25117,5
25118,5
25119,0
25120,0
25121,0
25122,5
25123,5
25124,5
25125,5
25126,0
25127,0
25128,3
25129,3
25130,5
25131,5
25132,5
25133,0
25134,5
25135,5
25136,5
25137,5
25138,5
25139,3
25140,3
25141,0
25142,0
25143,0
25144,0
25145,0
25146,1
25147,0
25148,0
25149,0
25150,1
25151,0
25152,0
25153,1
25154,2
25155,2
25156,1
25157,3
25158,5
25159,2
25160,2
25161,2
25162,1
25163,2
25164,2
25165,3
25166,3
25167,0
25168,0
25169,2
25170,0
25171,0
25172,2
25173,4
25174,4
25175,2
25176,2
25177,4
25178,4
25179,4
25180,3
25181,3
25182,3
25183,3
25184,3
25185,3
25186,2
25187,0
25188,0
25189,0
25190,0
25191,3
25192,3
25193,3
25194,0
25195,0
25196,0
25197,0
25198,0
25199,0
25200,0
25201,0
25202,0
25203,0
25204,0
25205,0
25206,0
25207,0
25208,0
25209,0
25210,4
25211,4
25212,5
25213,0
25214,0
25215,0
25216,0
25217,5
25218,2
25219,4
25220,0
25221,0
25222,0
25223,0
25224,0
25225,0
25226,0
25227,5
25228,0
25229,0
25230,0
25231,0
25232,0
25233,0
25234,0
25235,0
25236,4
25237,4
25238,4
25239,4
25240,4
25241,0
25242,0
25243,0
25244,0
25245,0
25246,0
25247,4
25248,4
25249,0
25250,0
25251,0
25252,0
25253,0
25254,0
25255,0
25256,0
25257,0
25258,0
25259,0
25260,0
25261,0
25262,0
25263,0
25264,0
25265,0
25266,0
25267,0
25268,0
25269,0
25270,0
25271,0
25272,0
25273,0
25274,0
25275,0
25276,0
25277,0
25278,0
25279,0
25280,0
25281,0
25282,0
25283,0
25284,0
25285,0
25286,0
25287,0
25288,0
25289,0
25290,4
25291,4
25292,1
25293,3
25294,5
25295,5
25296,3
25297,0
25298,0
25299,0
25300,0
25301,0
25302,0
25303,0
25304,0
25305,1
25306,1
25307,1
25308,0
25309,0
25310,0
25311,1
25312,2
25313,0
25314,0
25315,0
25316,0
25317,0
25318,0
25319,0
25320,0
25321,2
25322,2
25323,2
25324,2
25325,0
25326,2
25327,3
25328,3
25329,3
25330,0
25331,0
25332,0
25333,0
25334,0
25335,0
25336,0
25337,0
25338,0
25339,0
25340,0
25341,0
25342,0
25343,0
25344,0
25345,0
25346,0
25347,0
25348,0
25349,0
25350,1
25351,1
25352,1
25353,1
25354,1
25355,1
25356,1
25357,1
25358,1
25359,0
25360,0
25361,0
25362,0
25363,0
25364,0
25365,0
25366,0
25367,0
25368,0
25369,0
25370,0
25371,0
25372,0
25373,0
25374,0
25375,0
25376,0
25377,0
25378,0
25379,1
25380,0
25381,0
25382,0
25383,1
25384,1
25385,1
25386,1
25387,0
25388,2
25389,2
25390,2
25391,2
25392,2
25393,0
25394,0
25395,0
25396,0
25397,0
25398,0
25399,0
25400,0
25401,0
25402,0
25403,0
25404,2
25405,2
25406,2
25407,2
25408,2
25409,2
25410,2
25411,0
25412,0
25413,0
25414,0
25415,0
25416,0
25417,2
25418,2
25419,2
25420,2
25421,2
25422,3
25423,3
25424,0
25425,0
25426,0
25427,0
25428,5
25429,0
25430,0
25431,0
25432,0
25433,0
25434,3
25435,3
25436,3
25437,3
25438,3
25439,3
25440,3
25441,4
25442,0
25443,0
25444,0
25445,0
25446,0
25447,0
25448,0
25449,4
25450,1
25451,1
25452,1
25453,1
25454,1
25455,4
25456,4
25457,3
25458,1
25459,1
25460,2
25461,0
25462,0
25463,2
25464,2
25465,2
25466,3
25467,2
25468,2
25469,2
25470,2
25471,2
25472,1
25473,1
25474,3
25475,2
25476,2
25477,0
25478,0
25479,0
25480,0
25481,0
25482,0
25483,0
25484,2
25485,2
25486,2
25487,2
25488,0
25489,0
25490,2
25491,2
25492,0
25493,0
25494,2
25495,2
25496,2
25497,0
25498,0
25499,3
25500,3
25501,0
25502,0
25503,0
25504,3
25505,4
25506,5
25507,5
25508,0
25509,0
25510,0
25511,0
25512,0
25513,0
25514,0
25515,0
25516,0
25517,0
25518,0
25519,0
25520,0
25521,0
25522,0
25523,0
25524,0
25525,0
25526,0
25527,0
25528,0
25529,0
25530,0
25531,0
25532,0
25533,0
25534,0
25535,0
25536,0
25537,0
25538,0
25539,0
25540,0
25541,0
25542,0
25543,0
25544,0
25545,0
25546,0
25547,0
25548,0
25549,0
25550,0
25551,0
25552,0
25553,0
25554,0
25555,0
25556,0
25557,0
25558,0
25559,0
25560,0
25561,0
25562,0
25563,0
25564,1
25565,1
25566,0
25567,0
25568,0
25569,0
25570,0
25571,0
25572,0
25573,0
25574,0
25575,0
25576,0
25577,0
25578,0
25579,1
25580,1
25581,1
25582,1
25583,0
25584,0
25585,0
25586,0
25587,0
25588,0
25589,0
25590,0
25591,0
25592,2
25593,2
25594,0
25595,0
25596,0
25597,0
25598,0
25599,2
25600,0
25601,0
25602,0
25603,0
25604,0
25605,0
25606,0
25607,0
25608,0
25609,0
25610,2
25611,3
25612,1
25613,1
25614,1
25615,0
25616,0
25617,0
25618,0
25619,0
25620,4
25621,4
25622,0
25623,0
25624,0
25625,2
25626,2
25627,2
25628,3
25629,2
25630,2
25631,3
25632,0
25633,0
25634,0
25635,0
25636,0
25637,0
25638,2
25639,2
25640,2
25641,0
25642,0
25643,2
25644,2
25645,2
25646,0
25647,0
25648,2
25649,3
25650,3
25651,0
25652,0
25653,0
25654,4
25655,0
25656,0
25657,0
25658,0
25659,0
25660,0
25661,0
25662,3
25663,3
25664,4
25665,0
25666,5
25667,0
25668,0
25669,0
25670,0
25671,0
25672,0
25673,0
25674,0
25675,0
25676,0
25677,0
25678,0
25679,0
25680,0
25681,0
25682,0
25683,0
25684,0
25685,0
25686,0
25687,0
25688,0
25689,0
25690,0
25691,0
25692,0
25693,0
25694,0
25695,0
25696,0
25697,0
25698,0
25699,0
25700,0
25701,0
25702,0
25703,0
25704,0
25705,0
25706,0
25707,0
25708,0
25709,1
25710,0
25711,0
25712,0
25713,0
25714,0
25715,0
25716,0
25717,0
25718,0
25719,0
25720,0
25721,0
25722,1
25723,0
25724,0
25725,0
25726,0
25727,0
25728,0
25729,1
25730,1
25731,1
25732,1
25733,1
25734,0
25735,0
25736,0
25737,0
25738,0
25739,0
25740,1
25741,0
25742,2
25743,0
25744,0
25745,0
25746,0
25747,0
25748,0
25749,0
25750,0
25751,0
25752,0
25753,0
25754,0
25755,3
25756,1
25757,1
25758,1
25759,1
25760,0
25761,0
25762,0
25763,4
25764,4
25765,0
25766,0
25767,0
25768,4
25769,4
25770,1
25771,4
25772,4
25773,4
25774,4
25775,4
25776,4
25777,1
25778,4
25779,0
25780,0
25781,4
25782,4
25783,4
25784,4
25785,2
25786,2
25787,4
25788,4
25789,2
25790,4
25791,4
25792,4
25793,5
25794,1
25795,5
25796,5
25797,2
25798,5
25799,5
25800,5
25801,5
25802,5
25803,5
25804,5
25805,5
25806,1
25807,0
25808,0
25809,0
25810,0
25811,0
25812,0
25813,0
25814,0
25815,0
25816,0
25817,0
25818,0
25819,0
25820,0
25821,5
25822,5
25823,5
25824,0
25825,0
25826,5
25827,5
25828,5
25829,5
25830,5
25831,5
25832,5
25833,0
25834,0
25835,0
25836,0
25837,0
25838,0
25839,0
25840,0
25841,0
25842,0
25843,0
25844,0
25845,0
25846,0
25847,0
25848,0
25849,0
25850,0
25851,0
25852,0
25853,0
25854,0
25855,0
25856,0
25857,0
25858,0
25859,0
25860,0
25861,0
25862,1
25863,0
25864,0
25865,0
25866,0
25867,0
25868,0
25869,1
25870,1
25871,1
25872,1
25873,1
25874,1
25875,1
25876,1
25877,1
25878,1
25879,1
25880,1
25881,1
25882,1
25883,1
25884,1
25885,1
25886,1
25887,1
25888,1
25889,1
25890,1
25891,1
25892,1
25893,1
25894,1
25895,1
25896,1
25897,1
25898,1
25899,1
25900,1
25901,1
25902,1
25903,1
25904,1
25905,1
25906,0
25907,1
26407,5
26408,5
26409,5
26410,1
26411,5
26412,1
26413,1
26414,5
26415,1
26416,5
26417,5
26418,0
26419,4
26420,5
26421,0
26422,0
26423,0
26424,0
26425,0
26426,0
26427,0
26428,0
26429,0
26430,0
26431,0
26432,0
26433,0
26434,0
26435,0
26436,5
26437,5
26438,5
26439,5
26440,5
26441,0
26442,5
26443,5
26444,5
26445,5
26446,5
26447,5
26448,0
26449,0
26450,0
26451,0
26452,0
26453,0
26454,0
26455,0
26456,0
26457,0
26458,0
26459,0
26460,0
26461,0
26462,0
26463,0
26464,0
26465,0
26466,0
26467,0
26468,0
26469,0
26470,0
26471,0
26472,0
26473,0
26474,0
26475,0
26476,0
26477,0
26478,0
26479,0
26480,0
26481,0
26482,0
26483,0
26484,0
26485,0
26486,0
26487,0
26488,1
26489,1
26490,1
26491,1
26492,1
26493,1
26494,1
26495,1
26496,1
26497,1
26498,1
26499,1
26500,1
26501,1
26502,1
26503,1
26504,1
26505,1
26506,1
26507,1
26508,1
26509,1
26510,1
26511,1
26512,1
26513,1
26514,2
26515,2
26516,2
26517,2
26518,2
26519,1
26520,1
26521,1
26522,1
26523,1
26524,1
26525,1
26526,1
26527,1
26528,1
26529,0
26530,0
26531,5
26532,0
26533,0
26534,4
26535,4
26536,0
26537,0
26538,1
26539,0
26540,0
26541,0
26542,0
26543,1
26544,0
26545,0
26546,0
26547,0
26548,0
26549,1
26550,0
26551,0
26552,0
26553,0
26554,0
26555,0
26556,0
26557,0
26558,1
26559,1
26560,1
26561,1
26562,0
26563,0
26564,0
26565,0
26566,0
26567,0
26568,0
26569,0
26570,0
26571,0
26572,0
26573,0
26574,0
26575,0
26576,0
26577,0
26578,0
26579,0
26580,0
26581,0
26582,0
26583,0
26584,0
26585,0
26586,0
26587,0
26588,0
26589,0
26590,1
26591,1
26592,1
26593,1
26594,0
26595,0
26596,4
26597,4
26598,4
26599,4
26600,2
26601,2
26602,2
26603,2
26604,0
26605,0
26606,2
26607,2
26608,2
26609,0
26610,0
26611,0
26612,3
26613,3
26614,2
26615,0
26616,0
26617,0
26618,0
26619,0
26620,0
26621,0
26622,0
26623,0
26624,0
26625,0
26626,0
26627,0
26628,0
26629,0
26630,0
26631,0
26632,0
26633,0
26634,0
26635,0
26636,4
26637,3
26638,0
26639,5
26640,5
26641,0
26642,0
26643,2
26644,0
26645,0
26646,0
26647,0
26648,4
26649,0
26650,4
26651,4
26652,4
26653,4
26654,0
26655,0
26656,0
26657,0
26658,0
26659,4
26660,2
26661,2
26662,2
26663,2
26664,5
26665,5
26666,0
26667,0
26668,5
26669,5
26670,5
26671,5
26672,5
26673,0
26674,1
26675,0
26676,0
26677,0
26678,0
26679,0
26680,0
26681,0
26682,4
26683,4
26684,2
26685,1
26686,3
26687,3
26688,3
26689,2
26690,2
26691,2
26692,2
26693,2
26694,0
26695,0
26696,0
26697,2
26698,3
26699,4
26700,4
26701,4
26702,4
26703,2
26704,3
26705,1
26706,4
26707,3
26708,3
26709,0
26710,0
26711,0
26712,0
26713,0
26714,0
26715,0
26716,0
26717,0
26718,2
26719,4
26720,3
26721,3
26722,3
26723,1
26724,0
26725,0
26726,0
26727,1
26728,0
26729,0
26730,0
26731,0
26732,0
26733,0
26734,0
26735,0
26736,0
26737,0
26738,0
26739,4
26740,2
26741,3
26742,0
26743,0
26744,0
26745,0
26746,0
26747,0
26748,0
26749,0
26750,0
26751,0
26752,0
26753,0
26754,0
26755,5
26756,5
26757,0
26758,0
26759,0
26760,0
26761,0
26762,4
26763,0
26764,0
26765,4
26766,4
26767,0
26768,0
26769,0
26770,4
26771,4
26772,4
26773,4
26774,0
26775,0
26776,0
26777,0
26778,0
26779,0
26780,0
26781,0
26782,0
26783,0
26784,0
26785,0
26786,0
26787,0
26788,0
26789,0
26790,0
26791,0
26792,0
26793,0
26794,0
26795,0
26796,0
26797,0
26798,0
26799,0
26800,0
26801,0
26802,0
26803,0
26804,0
26805,0
26806,3
26807,3
26808,3
26809,3
26810,3
26811,3
26812,3
26813,4
26814,0
26815,0
26816,0
26817,0
26818,3
26819,3
26820,3
26821,4
26822,1
26823,1
26824,4
26825,4
26826,5
26827,0
26828,0
26829,0
26830,1
26831,1
26832,1
26833,1
26834,1
26835,3
26836,2
26837,2
26838,2
26839,2
26840,2
26841,1
26842,2
26843,0
26844,0
26845,2
26846,2
26847,3
26848,3
26849,2
26850,3
26851,3
26852,3
26853,2
26854,0
26855,0
26856,2
26857,2
26858,0
26859,2
26860,0
26861,3
26862,3
26863,0
26864,3
26865,3
26866,3
26867,0
26868,0
26869,0
26870,0
26871,0
26872,3
26873,0
26874,0
26875,0
26876,0
26877,0
26878,0
26879,0
26880,0
26881,0
26882,0
26883,0
26884,0
26885,0
26886,0
26887,0
26888,0
26889,0
26890,1
26891,1
26892,1
26893,1
26894,0
26895,0
26896,0
26897,0
26898,0
26899,0
26900,0
26901,0
26902,0
26903,0
26904,0
26905,0
26906,0
26907,0
26908,0
26909,0
26910,0
26911,0
26912,0
26913,0
26914,0
26915,0
26916,0
26917,0
26918,0
26919,0
26920,0
26921,0
26922,1
26923,0
26924,0
26925,0
26926,0
26927,0
26928,0
26929,0
26930,0
26931,0
26932,0
26933,1
26934,0
26935,1
26936,0
26937,0
26938,0
26939,0
26940,0
26941,0
26942,0
26943,1
26944,2
26945,0
26946,0
26947,0
26948,0
26949,0
26950,2
26951,2
26952,0
26953,0
26954,0
26955,0
26956,0
26957,0
26958,0
26959,0
26960,0
26961,3
26962,1
26963,1
26964,1
26965,0
26966,1
26967,0
26968,5
26969,0
26970,0
26971,0
26972,0
26973,0
26974,0
26975,0
26976,0
26977,0
26978,1
26979,1
26980,0
26981,0
26982,0
26983,1
26984,1
26985,1
26986,1
26987,1
26988,1
26989,0
26990,0
26991,0
26992,0
26993,0
26994,1
26995,1
26996,2
26997,2
26998,0
26999,0
27000,0
27001,0
27002,0
27003,0
27004,0
27005,0
27006,0
27007,2
27008,2
27009,2
27010,3
27011,3
27012,3
27013,3
27014,0
27015,0
27016,0
27017,0
27018,0
27019,0
27020,0
27021,0
27022,0
27023,0
27024,0
27025,0
27026,0
27027,0
27028,0
27029,0
27030,0
27031,0
27032,0
27033,0
27034,0
27035,0
27036,0
27037,0
27038,0
27039,0
27040,1
27041,1
27042,0
27043,0
27044,0
27045,0
27046,0
27047,0
27048,0
27049,0
27050,0
27051,0
27052,0
27053,0
27054,0
27055,0
27056,0
27057,0
27058,0
27059,0
27060,0
27061,0
27062,0
27063,0
27064,0
27065,0
27066,0
27067,0
27068,0
27069,0
27070,0
27071,4
27072,0
27073,1
27074,1
27075,1
27076,0
27077,0
27078,1
27079,1
27080,1
27081,1
27082,1
27083,1
27084,1
27085,1
27086,1
27087,1
27088,0
27089,2
27090,0
27091,0
27092,0
27093,0
27094,0
27095,0
27096,2
27097,2
27098,2
27099,0
27100,0
27101,0
27102,0
27103,0
27104,0
27105,0
27106,0
27107,0
27108,2
27109,3
27110,3
27111,0
27112,0
27113,0
27114,0
27115,0
27116,0
27117,0
27118,0
27119,0
27120,0
27121,0
27122,0
27123,0
27124,0
27125,0
27126,0
27127,0
27128,0
27129,0
27130,0
27131,0
27132,0
27133,0
27134,0
27135,1
27136,2
27137,3
27138,1
27139,1
27140,1
27141,0
27142,1
27143,0
27144,3
27145,3
27146,3
27147,5
27148,0
27149,3
27150,3
27151,0
27152,0
27153,0
27154,0
27155,0
27156,0
27157,0
27158,0
27159,0
27160,0
27161,0
27162,1
27163,0
27164,0
27165,0
27166,0
27167,1
27168,0
27169,0
27170,0
27171,0
27172,0
27173,0
27174,2
27175,2
27176,0
27177,0
27178,0
27179,0
27180,0
27181,2
27182,2
27183,2
27184,2
27185,2
27186,2
27187,2
27188,2
27189,3
27190,3
27191,3
27192,3
27193,0
27194,0
27195,0
27196,0
27197,0
27198,0
27199,0
27200,0
27201,0
27202,0
27203,0
27204,0
27205,0
27206,0
27207,0
27208,0
27209,0
27210,0
27211,0
27212,0
27213,0
27214,0
27215,0
27216,0
27217,1
27218,1
27219,1
27220,1
27221,1
27222,1
27223,1
27224,1
27225,0
27226,0
27227,0
27228,0
27229,0
27230,0
27231,0
27232,0
27233,0
27234,0
27235,0
27236,0
27237,0
27238,0
27239,0
27240,4
27241,0
27242,0
27243,0
27244,0
27245,0
27246,0
27247,0
27248,0
27249,0
27250,1
27251,1
27252,1
27253,1
27254,1
27255,1
27256,0
27257,0
27258,0
27259,1
27260,1
27261,1
27262,1
27263,0
27264,2
27265,2
27266,2
27267,2
27268,2
27269,0
27270,0
27271,0
27272,0
27273,0
27274,0
27275,0
27276,0
27277,0
27278,4
27279,2
27280,2
27281,2
27282,5
27283,5
27284,0
27285,0
27286,0
27287,0
27288,0
27289,2
27290,3
27291,3
27292,0
27293,0
27294,0
27295,0
27296,0
27297,0
27298,0
27299,5
27300,3
27301,3
27302,3
27303,4
27304,4
27305,3
27306,4
27307,4
27308,4
27309,4
27310,2
27311,2
27312,4
27313,1
27314,0
27315,3
27316,5
27317,4
27318,2
27319,1
27320,3
27321,2
27322,2
27323,1
27324,1
27325,4
27326,2
27327,5
27328,1
27329,1
27330,5
27331,5
27332,1
27333,4
27334,0
27335,0
27336,5
